HB10102116,TPDB-ROUTER-3316,220.128.33.20,TPDB-ROUTER-4402,220.128.0.38,1000,1000,100
HB10102115,TPDB-ROUTER-3312,220.128.33.18,TPDB-ROUTER-4402,220.128.0.38,1000,1000,100
G20012,TPDT-ROUTER-3012,220.128.0.92,TYFO-ROUTER-3016,220.128.0.46,40000,140,140
G20014,TPDT-ROUTER-3012,220.128.0.92,TYFO-ROUTER-3016,220.128.0.46,40000,140,140
G20029,TPDT-ROUTER-3012,220.128.0.92,TYFO-ROUTER-3016,220.128.0.46,40000,140,140
HB10200508,TYFO-ROUTER-3015,220.128.0.45,TYFO-ROUTER-3016,220.128.0.46,10000,10,10
G20015,TPDT-ROUTER-3011,220.128.0.91,TYFO-ROUTER-3015,220.128.0.45,40000,140,140
G20011,TPDT-ROUTER-3011,220.128.0.91,TYFO-ROUTER-3015,220.128.0.45,40000,140,140
G20028,TPDT-ROUTER-3011,220.128.0.91,TYFO-ROUTER-3015,220.128.0.45,40000,140,140
223D-70953,TPDT-ROUTER-3011,220.128.0.91,PCPD-ROUTER-3211,220.128.0.63,10000,170,270
223D-70952,TPDT-ROUTER-3011,220.128.0.91,PCPD-ROUTER-3211,220.128.0.63,10000,170,270
223D-71476,TPDB-ROUTER-3021,220.128.0.93,PCPD-ROUTER-3211,220.128.0.63,100000,160,260
33E-91032,TYFO-ROUTER-3015,220.128.0.45,PCPD-ROUTER-3211,220.128.0.63,100000,230,230
223D-70954,TPDT-ROUTER-3012,220.128.0.92,PCPD-ROUTER-3212,220.128.0.64,10000,170,270
HB10900278,PCPD-ROUTER-3211,220.128.0.63,PCPD-ROUTER-3212,220.128.0.64,100000,10,10
33E-91068,TYFO-ROUTER-3016,220.128.0.46,PCPD-ROUTER-3212,220.128.0.64,100000,230,230
223D-70955,TPDT-ROUTER-3012,220.128.0.92,PCPD-ROUTER-3212,220.128.0.64,10000,170,270
HB20100476,TCHN-ROUTER-3012,220.128.0.140,TCHN-ROUTER-3611,203.75.212.135,10000,100,100
HB20100475,TCHN-ROUTER-3011,220.128.0.139,TCHN-ROUTER-3611,203.75.212.135,10000,100,100
HB30100033,SKC1-ROUTER-3012,220.128.0.200,SKC1-ROUTER-3611,203.75.189.43,10000,100,100
HB30100030,SKC1-ROUTER-3011,220.128.0.199,SKC1-ROUTER-3611,203.75.189.43,10000,100,100
HB10101990,TPDT-ROUTER-3012,220.128.0.92,TPDT-ROUTER-3611,220.128.0.111,10000,100,100
HB10101989,TPDT-ROUTER-3011,220.128.0.91,TPDT-ROUTER-3611,220.128.0.111,10000,100,100
223D-70653,TPDT-ROUTER-3012,220.128.0.92,PCPC-ROUTER-3202,220.128.0.68,10000,160,160
HB10900067,PCPC-ROUTER-3201,220.128.0.67,PCPC-ROUTER-3202,220.128.0.68,7000,10,10
227D-95217,TPE4-ROUTER-3202,220.128.0.70,PCPC-ROUTER-3202,220.128.0.68,10000,60,60
223D-99524,TPDT-ROUTER-3012,220.128.0.92,PCPC-ROUTER-3202,220.128.0.68,10000,160,160
223D-90845B,TPDT-ROUTER-3012,220.128.0.92,PCPC-ROUTER-3202,220.128.0.68,10000,160,160
223D-93032,TPDT-ROUTER-3012,220.128.0.92,PCPC-ROUTER-3202,220.128.0.68,10000,160,160
G20031,TYFO-ROUTER-3016,220.128.0.46,PCPC-ROUTER-3202,220.128.0.68,40000,100,110
295D-95077,SNUH-ROUTER-3202,220.128.0.30,PCPC-ROUTER-3202,220.128.0.68,10000,60,60
223D-91659,TPDT-ROUTER-3012,220.128.0.92,PCPC-ROUTER-3202,220.128.0.68,10000,160,160
223D-95872,TPDT-ROUTER-3012,220.128.0.92,PCPC-ROUTER-3202,220.128.0.68,10000,160,160
227D-96372,TPE4-ROUTER-3202,220.128.0.70,PCPC-ROUTER-3202,220.128.0.68,10000,60,60
223D-97474,TPDT-ROUTER-3012,220.128.0.92,PCPC-ROUTER-3202,220.128.0.68,10000,160,160
223D-90845,TPDT-ROUTER-3011,220.128.0.91,PCPC-ROUTER-3201,220.128.0.67,10000,160,160
223D-98881,TPDT-ROUTER-3011,220.128.0.91,PCPC-ROUTER-3201,220.128.0.67,10000,160,160
223D-91658,TPDT-ROUTER-3011,220.128.0.91,PCPC-ROUTER-3201,220.128.0.67,10000,160,160
223D-92577,TPDT-ROUTER-3011,220.128.0.91,PCPC-ROUTER-3201,220.128.0.67,10000,160,160
223D-70652,TPDT-ROUTER-3011,220.128.0.91,PCPC-ROUTER-3201,220.128.0.67,10000,160,160
227D-95552,TPE4-ROUTER-3201,220.128.0.69,PCPC-ROUTER-3201,220.128.0.67,10000,60,60
G20030,TYFO-ROUTER-3015,220.128.0.45,PCPC-ROUTER-3201,220.128.0.67,40000,100,110
223D-93031,TPDT-ROUTER-3011,220.128.0.91,PCPC-ROUTER-3201,220.128.0.67,10000,160,160
223D-99522,TPDT-ROUTER-3011,220.128.0.91,PCPC-ROUTER-3201,220.128.0.67,10000,160,160
227D-96182,TPE4-ROUTER-3201,220.128.0.69,PCPC-ROUTER-3201,220.128.0.67,10000,60,60
295D-95238,SNUH-ROUTER-3201,220.128.0.29,PCPC-ROUTER-3201,220.128.0.67,10000,60,60
223D-99132,TPDT-ROUTER-3012,220.128.0.92,SNUH-ROUTER-3202,220.128.0.30,10000,160,160
223D-91608,TPDT-ROUTER-3012,220.128.0.92,SNUH-ROUTER-3202,220.128.0.30,10000,160,160
33E-90408,TYFO-ROUTER-3016,220.128.0.46,SNUH-ROUTER-3202,220.128.0.30,10000,100,110
33E-90605B,TYFO-ROUTER-3016,220.128.0.46,SNUH-ROUTER-3202,220.128.0.30,10000,100,110
HB10300108,SNUH-ROUTER-3201,220.128.0.29,SNUH-ROUTER-3202,220.128.0.30,4000,10,10
223D-70437,TPDT-ROUTER-3012,220.128.0.92,SNUH-ROUTER-3202,220.128.0.30,10000,160,160
223D-91296,TPDT-ROUTER-3012,220.128.0.92,SNUH-ROUTER-3202,220.128.0.30,10000,160,160
223D-97120B,TPDT-ROUTER-3012,220.128.0.92,SNUH-ROUTER-3202,220.128.0.30,10000,160,160
33E-90749,TYFO-ROUTER-3016,220.128.0.46,SNUH-ROUTER-3202,220.128.0.30,10000,100,110
33E-90662,TYFO-ROUTER-3016,220.128.0.46,SNUH-ROUTER-3202,220.128.0.30,10000,100,110
297D-90117,TPDT-ROUTER-3012,220.128.0.92,SNUH-ROUTER-3202,220.128.0.30,10000,160,160
33E-91026,TYFO-ROUTER-3016,220.128.0.46,SNUH-ROUTER-3202,220.128.0.30,10000,100,110
33E-90661,TYFO-ROUTER-3015,220.128.0.45,SNUH-ROUTER-3201,220.128.0.29,10000,100,110
223D-97120,TPDT-ROUTER-3011,220.128.0.91,SNUH-ROUTER-3201,220.128.0.29,10000,160,160
223D-91295,TPDT-ROUTER-3011,220.128.0.91,SNUH-ROUTER-3201,220.128.0.29,10000,160,160
223D-70433,TPDT-ROUTER-3011,220.128.0.91,SNUH-ROUTER-3201,220.128.0.29,10000,160,160
33E-91025,TYFO-ROUTER-3015,220.128.0.45,SNUH-ROUTER-3201,220.128.0.29,10000,100,110
33E-90605,TYFO-ROUTER-3015,220.128.0.45,SNUH-ROUTER-3201,220.128.0.29,10000,100,110
223D-99131,TPDT-ROUTER-3011,220.128.0.91,SNUH-ROUTER-3201,220.128.0.29,10000,160,160
33E-91094,TYFO-ROUTER-3015,220.128.0.45,SNUH-ROUTER-3201,220.128.0.29,10000,100,110
223D-91607,TPDT-ROUTER-3011,220.128.0.91,SNUH-ROUTER-3201,220.128.0.29,10000,160,160
33E-90748,TYFO-ROUTER-3015,220.128.0.45,SNUH-ROUTER-3201,220.128.0.29,10000,100,110
33E-90476,TYFO-ROUTER-3015,220.128.0.45,SNUH-ROUTER-3201,220.128.0.29,10000,100,110
297D-90116,TPDT-ROUTER-3011,220.128.0.91,SNUH-ROUTER-3201,220.128.0.29,10000,160,160
HB10100423,TPDB-ROUTER-3515,203.75.3.205,TPDB-ROUTER-3516,203.75.3.206,100,5,5
HB10100661,TPDT-ROUTER-3011,220.128.0.91,TPDB-ROUTER-3516,203.75.3.206,1000,110,110
HB10100662,TPDT-ROUTER-3012,220.128.0.92,TPDB-ROUTER-3516,203.75.3.206,1000,110,110
HB10100406,TPDB-ROUTER-3515,203.75.3.205,TPDB-ROUTER-3516,203.75.3.206,1000,100,100
HB10100428,TPDB-ROUTER-3515,203.75.3.205,TPDB-ROUTER-3516,203.75.3.206,100,1000,1000
HB10100639,TPDB-ROUTER-3515,203.75.3.205,TPDB-ROUTER-3516,203.75.3.206,1000,5,5
HB10100422,TPDB-ROUTER-3515,203.75.3.205,TPDB-ROUTER-3516,203.75.3.206,100,100,100
HB10100431,TPDB-ROUTER-3516,203.75.3.206,TPDB-ROUTER-3515,203.75.3.205,100,5,5
HB10100656,TPDT-ROUTER-3012,220.128.0.92,TPDB-ROUTER-3515,203.75.3.205,1000,110,110
HB10100427,TPDB-ROUTER-3516,203.75.3.206,TPDB-ROUTER-3515,203.75.3.205,100,1,1
HB10100426,TPDB-ROUTER-3516,203.75.3.206,TPDB-ROUTER-3515,203.75.3.205,100,20,20
HB10100425,TPDB-ROUTER-3516,203.75.3.206,TPDB-ROUTER-3515,203.75.3.205,100,20,20
HB10100651,TPDT-ROUTER-3011,220.128.0.91,TPDB-ROUTER-3515,203.75.3.205,1000,110,110
HB10102244,TPDT-ROUTER-3012,220.128.0.92,TPDT-ROUTER-4044,220.128.0.20,10000,100,100
HB10100692,TPDT-ROUTER-3011,220.128.0.91,TPDT-ROUTER-4044,220.128.0.20,10000,100,100
HB10100718,TPDT-ROUTER-3012,220.128.0.92,TPDT-ROUTER-4044,220.128.0.20,10000,100,100
HB10100606,TPDT-ROUTER-3011,220.128.0.91,TPDT-ROUTER-4043,220.128.0.19,10000,100,100
HB10100691,TPDT-ROUTER-3012,220.128.0.92,TPDT-ROUTER-4043,220.128.0.19,10000,100,100
HB10100690,TPDT-ROUTER-3012,220.128.0.92,TPDT-ROUTER-4043,220.128.0.19,10000,100,100
HB10100607,TPDT-ROUTER-3011,220.128.0.91,TPDT-ROUTER-4043,220.128.0.19,10000,100,100
HB20300255,CHCH-ROUTER-3011,220.128.0.179,CHCH-ROUTER-3611,203.75.212.136,10000,100,100
HB20300256,CHCH-ROUTER-3012,220.128.0.180,CHCH-ROUTER-3611,203.75.212.136,10000,100,100
HB31200095,TNE1-ROUTER-3012,220.128.0.232,TNE1-ROUTER-3611,203.75.189.44,10000,1000,1000
HB31200094,TNE1-ROUTER-3011,220.128.0.231,TNE1-ROUTER-3611,203.75.189.44,10000,1000,1000
HB10200519,TYFO-ROUTER-3015,220.128.0.45,TYFO-ROUTER-3611,220.128.0.112,10000,100,100
HB10200520,TYFO-ROUTER-3016,220.128.0.46,TYFO-ROUTER-3611,220.128.0.112,10000,100,100
72D-97629,SKC1-ROUTER-3022,220.128.0.212,FSE1-ROUTER-3302,220.128.33.232,10000,150,150
HB31000013,FSE1-ROUTER-3301,220.128.33.231,FSE1-ROUTER-3302,220.128.33.232,10000,100,100
6E-90387,TNE1-ROUTER-3012,220.128.0.232,FSE1-ROUTER-3302,220.128.33.232,10000,160,160
72D-97021,SKC1-ROUTER-3022,220.128.0.212,FSE1-ROUTER-3302,220.128.33.232,10000,150,150
295D-96331,PCPD-ROUTER-3211,220.128.0.63,PCPC-ROUTER-3301,220.128.33.67,10000,320,160
HB10900260,PCPC-ROUTER-3201,220.128.0.67,PCPC-ROUTER-3301,220.128.33.67,10000,100,20
HB10900142,PCPC-ROUTER-3201,220.128.0.67,PCPC-ROUTER-3301,220.128.33.67,10000,100,20
HB10900234,PCPC-ROUTER-3201,220.128.0.67,PCPC-ROUTER-3301,220.128.33.67,10000,100,20
HB10900224,PCPC-ROUTER-3202,220.128.0.68,PCPC-ROUTER-3301,220.128.33.67,10000,100,20
HB10900171,PCPC-ROUTER-3201,220.128.0.67,PCPC-ROUTER-3301,220.128.33.67,10000,100,20
HB10900262,PCPC-ROUTER-3202,220.128.0.68,PCPC-ROUTER-3301,220.128.33.67,10000,100,20
295D-96332,PCPD-ROUTER-3211,220.128.0.63,PCPC-ROUTER-3301,220.128.33.67,10000,320,160
HB10900236,PCPC-ROUTER-3202,220.128.0.68,PCPC-ROUTER-3301,220.128.33.67,10000,100,20
HB10900164,PCPC-ROUTER-3202,220.128.0.68,PCPC-ROUTER-3301,220.128.33.67,10000,100,20
HB10900270,PCPC-ROUTER-3202,220.128.0.68,PCPC-ROUTER-3301,220.128.33.67,10000,100,20
HB10900190,PCPC-ROUTER-3202,220.128.0.68,PCPC-ROUTER-3301,220.128.33.67,10000,100,20
HB10900222,PCPC-ROUTER-3201,220.128.0.67,PCPC-ROUTER-3301,220.128.33.67,10000,100,20
HB10900268,PCPC-ROUTER-3201,220.128.0.67,PCPC-ROUTER-3301,220.128.33.67,10000,100,20
HB20300066,CHCH-ROUTER-3012,220.128.0.180,CHCH-ROUTER-3302,220.128.33.180,10000,100,100
HB20300154,CHCH-ROUTER-3011,220.128.0.179,CHCH-ROUTER-3302,220.128.33.180,10000,100,100
HB20300188,CHCH-ROUTER-3301,220.128.33.179,CHCH-ROUTER-3302,220.128.33.180,1000,1000,1000
HB20300286,CHCH-ROUTER-3011,220.128.0.179,CHCH-ROUTER-3302,220.128.33.180,10000,100,100
HB20300240,CHCH-ROUTER-3011,220.128.0.179,CHCH-ROUTER-3302,220.128.33.180,10000,100,100
HB20300244,CHCH-ROUTER-3012,220.128.0.180,CHCH-ROUTER-3302,220.128.33.180,10000,100,100
HB20300242,CHCH-ROUTER-3011,220.128.0.179,CHCH-ROUTER-3302,220.128.33.180,10000,100,100
HB20300246,CHCH-ROUTER-3011,220.128.0.179,CHCH-ROUTER-3302,220.128.33.180,10000,100,100
HB20300057,CHCH-ROUTER-3011,220.128.0.179,CHCH-ROUTER-3302,220.128.33.180,10000,100,100
HB20300287,CHCH-ROUTER-3012,220.128.0.180,CHCH-ROUTER-3302,220.128.33.180,10000,100,100
HB20300196,CHCH-ROUTER-3011,220.128.0.179,CHCH-ROUTER-3302,220.128.33.180,10000,100,100
HB20300156,CHCH-ROUTER-3012,220.128.0.180,CHCH-ROUTER-3302,220.128.33.180,10000,100,100
HB20300238,CHCH-ROUTER-3012,220.128.0.180,CHCH-ROUTER-3302,220.128.33.180,10000,100,100
HB20300247,CHCH-ROUTER-3012,220.128.0.180,CHCH-ROUTER-3302,220.128.33.180,10000,100,100
HB20300198,CHCH-ROUTER-3012,220.128.0.180,CHCH-ROUTER-3302,220.128.33.180,10000,100,100
HB20300185,CHCH-ROUTER-3301,220.128.33.179,CHCH-ROUTER-3302,220.128.33.180,10000,100,100
HB10102327,TPDT-ROUTER-3011,220.128.0.91,TPDB-ROUTER-3311,220.128.33.17,100000,10,10
HB10102281,TPDT-ROUTER-3012,220.128.0.92,TPDB-ROUTER-3311,220.128.33.17,100000,10,10
HB10102279,TPDT-ROUTER-3011,220.128.0.91,TPDB-ROUTER-3311,220.128.33.17,100000,10,10
HB20300197,CHCH-ROUTER-3012,220.128.0.180,CHCH-ROUTER-3301,220.128.33.179,10000,100,100
HB20300058,CHCH-ROUTER-3012,220.128.0.180,CHCH-ROUTER-3301,220.128.33.179,10000,100,100
HB20300241,CHCH-ROUTER-3011,220.128.0.179,CHCH-ROUTER-3301,220.128.33.179,10000,100,100
HB20300237,CHCH-ROUTER-3011,220.128.0.179,CHCH-ROUTER-3301,220.128.33.179,10000,100,100
HB20300065,CHCH-ROUTER-3011,220.128.0.179,CHCH-ROUTER-3301,220.128.33.179,10000,100,100
HB20300155,CHCH-ROUTER-3012,220.128.0.180,CHCH-ROUTER-3301,220.128.33.179,10000,100,100
HB20300285,CHCH-ROUTER-3011,220.128.0.179,CHCH-ROUTER-3301,220.128.33.179,10000,100,100
HB20300195,CHCH-ROUTER-3011,220.128.0.179,CHCH-ROUTER-3301,220.128.33.179,10000,100,100
HB20300245,CHCH-ROUTER-3012,220.128.0.180,CHCH-ROUTER-3301,220.128.33.179,10000,100,100
HB20300288,CHCH-ROUTER-3012,220.128.0.180,CHCH-ROUTER-3301,220.128.33.179,10000,100,100
HB20300153,CHCH-ROUTER-3011,220.128.0.179,CHCH-ROUTER-3301,220.128.33.179,10000,100,100
HB20300239,CHCH-ROUTER-3012,220.128.0.180,CHCH-ROUTER-3301,220.128.33.179,10000,100,100
HB20300248,CHCH-ROUTER-3012,220.128.0.180,CHCH-ROUTER-3301,220.128.33.179,10000,100,100
HB20300243,CHCH-ROUTER-3011,220.128.0.179,CHCH-ROUTER-3301,220.128.33.179,10000,100,100
HB10102677,TPDT-ROUTER-3011,220.128.0.91,TPDB-ROUTER-4202,220.128.0.22,10000,100,100
HB10102679,TPDT-ROUTER-3012,220.128.0.92,TPDB-ROUTER-4202,220.128.0.22,10000,100,100
HB10102678,TPDT-ROUTER-3012,220.128.0.92,TPDB-ROUTER-4202,220.128.0.22,10000,100,100
223D-97471,TPDT-ROUTER-3011,220.128.0.91,SHMZ-ROUTER-3301,220.128.33.99,10000,160,160
227D-96443,TPE4-ROUTER-3201,220.128.0.69,SHMZ-ROUTER-3301,220.128.33.99,10000,60,60
227D-94826,TPE4-ROUTER-3201,220.128.0.69,SHMZ-ROUTER-3301,220.128.33.99,10000,60,60
295D-96329,PCPD-ROUTER-3211,220.128.0.63,SHMZ-ROUTER-3301,220.128.33.99,10000,110,100
223D-90903,TPDT-ROUTER-3011,220.128.0.91,SHMZ-ROUTER-3301,220.128.33.99,10000,160,160
47D-93409,CHCH-ROUTER-3011,220.128.0.179,ULUL-ROUTER-3301,220.128.33.187,10000,160,160
42E-92303,TCHN-ROUTER-3011,220.128.0.139,ULUL-ROUTER-3301,220.128.33.187,10000,160,160
HB20100481,TCHN-ROUTER-3012,220.128.0.140,TCHN-ROUTER-3301,220.128.33.141,100000,100,100
HB20100479,TCHN-ROUTER-3011,220.128.0.139,TCHN-ROUTER-3301,220.128.33.141,100000,100,100
HB21400036,TCWH-ROUTER-3301,220.128.33.153,TCWH-ROUTER-3302,220.128.33.154,10000,150,150
HB10300238,SNUH-ROUTER-3201,220.128.0.29,SNUH-ROUTER-3302,220.128.33.30,10000,100,100
HB10300240,SNUH-ROUTER-3202,220.128.0.30,SNUH-ROUTER-3302,220.128.33.30,10000,100,100
HB10300144,SNUH-ROUTER-3201,220.128.0.29,SNUH-ROUTER-3302,220.128.33.30,10000,100,100
HB10300132,SNUH-ROUTER-3202,220.128.0.30,SNUH-ROUTER-3302,220.128.33.30,10000,100,100
HB10300284,SNUH-ROUTER-3201,220.128.0.29,SNUH-ROUTER-3302,220.128.33.30,10000,100,100
295D-96318,PCPD-ROUTER-3212,220.128.0.64,SNUH-ROUTER-3302,220.128.33.30,10000,300,300
HB10300270,SNUH-ROUTER-3202,220.128.0.30,SNUH-ROUTER-3302,220.128.33.30,10000,100,100
HB10300186,SNUH-ROUTER-3202,220.128.0.30,SNUH-ROUTER-3302,220.128.33.30,10000,100,100
295D-96317,PCPD-ROUTER-3212,220.128.0.64,SNUH-ROUTER-3302,220.128.33.30,10000,300,300
HB10300133,SNUH-ROUTER-3301,220.128.33.29,SNUH-ROUTER-3302,220.128.33.30,5000,10,10
HB10300185,SNUH-ROUTER-3201,220.128.0.29,SNUH-ROUTER-3302,220.128.33.30,10000,100,100
HB10102665,TPDB-ROUTER-3021,220.128.0.93,TPDB-ROUTER-3315,220.128.33.19,100000,100,100
HB10102667,TPDT-ROUTER-3022,220.128.0.94,TPDB-ROUTER-3315,220.128.33.19,100000,100,100
47E-90415,CHCH-ROUTER-3012,220.128.0.180,NTNK-ROUTER-3302,220.128.33.174,10000,160,160
47E-90555,CHCH-ROUTER-3012,220.128.0.180,NTNK-ROUTER-3302,220.128.33.174,10000,160,160
47E-90609,CHCH-ROUTER-3012,220.128.0.180,NTNK-ROUTER-3302,220.128.33.174,10000,160,160
HB20500114,NTNK-ROUTER-3301,220.128.33.173,NTNK-ROUTER-3302,220.128.33.174,10000,100,100
42E-92358,TCHN-ROUTER-3012,220.128.0.140,NTNK-ROUTER-3302,220.128.33.174,10000,160,160
33D-95648,TYFO-ROUTER-3016,220.128.0.46,CLPY-ROUTER-3302,220.128.33.44,10000,100,100
33D-95115,TYFO-ROUTER-3016,220.128.0.46,CLPY-ROUTER-3302,220.128.33.44,10000,100,100
223E-93310,TPDT-ROUTER-3012,220.128.0.92,CLPY-ROUTER-3302,220.128.33.44,10000,160,160
223E-93426B,TPDT-ROUTER-3012,220.128.0.92,CLPY-ROUTER-3302,220.128.33.44,10000,160,160
223E-93336,TPDT-ROUTER-3012,220.128.0.92,CLPY-ROUTER-3302,220.128.33.44,10000,160,160
HB10500050,CLPY-ROUTER-3301,220.128.33.43,CLPY-ROUTER-3302,220.128.33.44,10000,10,10
33D-93244,TYFO-ROUTER-3016,220.128.0.46,CLPY-ROUTER-3302,220.128.33.44,10000,100,100
223E-93630,TPDT-ROUTER-3012,220.128.0.92,CLPY-ROUTER-3302,220.128.33.44,10000,160,160
33D-93803,TYFO-ROUTER-3016,220.128.0.46,CLPY-ROUTER-3302,220.128.33.44,10000,100,100
223E-93683,TPDT-ROUTER-3012,220.128.0.92,CLPY-ROUTER-3302,220.128.33.44,10000,160,160
33D-95495,TYFO-ROUTER-3016,220.128.0.46,CLPY-ROUTER-3302,220.128.33.44,10000,100,100
33D-94059,TYFO-ROUTER-3016,220.128.0.46,CLPY-ROUTER-3302,220.128.33.44,10000,100,100
33D-94188,TYFO-ROUTER-3016,220.128.0.46,CLPY-ROUTER-3302,220.128.33.44,10000,100,100
HB11300065,SHGS-ROUTER-3301,220.128.33.113,SHGS-ROUTER-3302,220.128.33.114,10000,10,10
295D-96521,PCPD-ROUTER-3212,220.128.0.64,SHGS-ROUTER-3302,220.128.33.114,10000,270,270
295D-96522,PCPD-ROUTER-3212,220.128.0.64,SHGS-ROUTER-3302,220.128.33.114,10000,270,270
33E-90641B,TYFO-ROUTER-3016,220.128.0.46,SHGS-ROUTER-3302,220.128.33.114,10000,100,100
223D-91407,TPDT-ROUTER-3012,220.128.0.92,SHGS-ROUTER-3302,220.128.33.114,10000,160,160
33E-90435,TYFO-ROUTER-3015,220.128.0.45,SHGS-ROUTER-3302,220.128.33.114,10000,100,100
223D-95863,TPDT-ROUTER-3012,220.128.0.92,SHGS-ROUTER-3302,220.128.33.114,10000,160,160
HB10101801,TPDT-ROUTER-3011,220.128.0.91,TPDB-ROUTER-3317,220.128.33.21,10000,100,100
HB10101802,TPDT-ROUTER-3012,220.128.0.92,TPDB-ROUTER-3317,220.128.33.21,10000,100,100
HB10102117,TPDT-ROUTER-3011,220.128.0.91,TPDB-ROUTER-3317,220.128.33.21,10000,100,100
HB10102119,TPDT-ROUTER-3012,220.128.0.92,TPDB-ROUTER-3317,220.128.33.21,10000,100,100
HB30900031,TTML-ROUTER-3301,220.128.0.233,TTML-ROUTER-3302,220.128.0.234,10000,10,10
223E-93528,TPDT-ROUTER-3012,220.128.0.92,TTML-ROUTER-3302,220.128.0.234,10000,160,160
72E-96196,SKC1-ROUTER-3012,220.128.0.200,TTML-ROUTER-3302,220.128.0.234,10000,160,160
HB10101348,TPDT-ROUTER-3011,220.128.0.91,TPDT-ROUTER-4106,220.128.0.4,10000,100,100
HB10102074,TPDT-ROUTER-3011,220.128.0.91,TPDT-ROUTER-4106,220.128.0.4,10000,100,100
HB10101353,TPDT-ROUTER-3012,220.128.0.92,TPDT-ROUTER-4106,220.128.0.4,10000,100,100
HB10101352,TPDT-ROUTER-3012,220.128.0.92,TPDT-ROUTER-4106,220.128.0.4,10000,100,100
HB10101349,TPDT-ROUTER-3011,220.128.0.91,TPDT-ROUTER-4106,220.128.0.4,10000,100,100
HB10102075,TPDT-ROUTER-3012,220.128.0.92,TPDT-ROUTER-4106,220.128.0.4,10000,100,100
223E-93483,TPDT-ROUTER-3012,220.128.0.92,KMKC-ROUTER-3302,220.128.0.248,10000,260,260
HB30800023,KMKC-ROUTER-3301,220.128.0.247,KMKC-ROUTER-3302,220.128.0.248,10000,10,10
72E-95722,SKC1-ROUTER-3012,220.128.0.200,KMKC-ROUTER-3302,220.128.0.248,1000,1000,2000
HB10101796,TPDB-ROUTER-3315,220.128.33.19,TPDB-ROUTER-3316,220.128.33.20,10000,100,100
HB10102668,TPDT-ROUTER-3022,220.128.0.94,TPDB-ROUTER-3316,220.128.33.20,100000,100,100
HB10102666,TPDB-ROUTER-3021,220.128.0.93,TPDB-ROUTER-3316,220.128.33.20,100000,100,100
HB21100087,TLHN-ROUTER-3301,220.128.33.165,TLHN-ROUTER-3302,220.128.33.166,1000,1000,1000
HB21100134,TLHN-ROUTER-3301,220.128.33.165,TLHN-ROUTER-3302,220.128.33.166,10000,10,10
42E-92310,TCHN-ROUTER-3012,220.128.0.140,TLHN-ROUTER-3302,220.128.33.166,10000,160,160
42E-92362B,TCHN-ROUTER-3012,220.128.0.140,TLHN-ROUTER-3302,220.128.33.166,10000,160,160
47E-90578,CHCH-ROUTER-3012,220.128.0.180,TLHN-ROUTER-3302,220.128.33.166,10000,160,160
47E-90621,CHCH-ROUTER-3012,220.128.0.180,TLHN-ROUTER-3302,220.128.33.166,10000,160,160
47E-90430,CHCH-ROUTER-3012,220.128.0.180,TLHN-ROUTER-3302,220.128.33.166,10000,160,160
42E-92384,TCHN-ROUTER-3012,220.128.0.140,TLHN-ROUTER-3302,220.128.33.166,10000,160,160
HB10102691,TPDT-ROUTER-3022,220.128.0.94,TPDT-ROUTER-4101,220.128.0.5,100000,90,90
HB10102689,TPDT-ROUTER-3022,220.128.0.94,TPDT-ROUTER-4101,220.128.0.5,100000,90,90
HB10102688,TPDB-ROUTER-3021,220.128.0.93,TPDT-ROUTER-4101,220.128.0.5,100000,90,90
HB10102686,TPDB-ROUTER-3021,220.128.0.93,TPDT-ROUTER-4101,220.128.0.5,100000,90,90
HB10101804,TPDT-ROUTER-3011,220.128.0.91,TPDB-ROUTER-3318,220.128.33.22,10000,100,100
HB10102118,TPDT-ROUTER-3011,220.128.0.91,TPDB-ROUTER-3318,220.128.33.22,10000,100,100
HB10101805,TPDT-ROUTER-3012,220.128.0.92,TPDB-ROUTER-3318,220.128.33.22,10000,100,100
HB10101803,TPDB-ROUTER-3317,220.128.33.21,TPDB-ROUTER-3318,220.128.33.22,10000,100,100
HB10102120,TPDT-ROUTER-3012,220.128.0.92,TPDB-ROUTER-3318,220.128.33.22,10000,100,100
72E-96425,SKC1-ROUTER-3011,220.128.0.199,TNCD-ROUTER-3311,220.128.33.219,10000,160,160
6D-91121,TNE1-ROUTER-3011,220.128.0.231,TNCD-ROUTER-3311,220.128.33.219,10000,160,160
72E-96314,SKC1-ROUTER-3011,220.128.0.199,TNCD-ROUTER-3311,220.128.33.219,10000,160,160
6D-91115,TNE1-ROUTER-3011,220.128.0.231,TNCD-ROUTER-3311,220.128.33.219,10000,160,160
6D-91110,TNE1-ROUTER-3011,220.128.0.231,TNCD-ROUTER-3311,220.128.33.219,10000,160,160
72E-95747,SKC1-ROUTER-3011,220.128.0.199,TNCD-ROUTER-3311,220.128.33.219,10000,160,160
6D-90902,TNE1-ROUTER-3011,220.128.0.231,TNCD-ROUTER-3311,220.128.33.219,10000,160,160
72E-96158,SKC1-ROUTER-3011,220.128.0.199,TNCD-ROUTER-3311,220.128.33.219,10000,160,160
6D-91103,TNE1-ROUTER-3011,220.128.0.231,TNCD-ROUTER-3311,220.128.33.219,10000,160,160
HB10200517,TYFO-ROUTER-3015,220.128.0.45,TYFO-ROUTER-3302,220.128.0.42,100000,100,100
HB10200191,TYFO-ROUTER-3301,220.128.0.41,TYFO-ROUTER-3302,220.128.0.42,10000,200,200
HB10200518,TYFO-ROUTER-3016,220.128.0.46,TYFO-ROUTER-3302,220.128.0.42,100000,100,100
HB10600134,HLCA-ROUTER-3301,220.128.33.129,HLCA-ROUTER-3302,220.128.33.130,10000,100,100
223E-93394,TPDT-ROUTER-3012,220.128.0.92,HLCA-ROUTER-3302,220.128.33.130,10000,160,160
227E-92051,TPE4-ROUTER-3202,220.128.0.70,HLCA-ROUTER-3302,220.128.33.130,10000,100,100
223E-93663,TPDT-ROUTER-3012,220.128.0.92,HLCA-ROUTER-3302,220.128.33.130,10000,160,160
HB30100530,SKC1-ROUTER-3011,220.128.0.199,SKC1-ROUTER-3315,220.128.33.203,10000,1000,1000
HB30100289,SKC1-ROUTER-3012,220.128.0.200,SKC1-ROUTER-3315,220.128.33.203,10000,1000,1000
HB30100655,SKC1-ROUTER-3021,220.128.0.211,SKC1-ROUTER-3315,220.128.33.203,100000,100,100
HB30100437,SKC1-ROUTER-3011,220.128.0.199,SKC1-ROUTER-3315,220.128.33.203,10000,1000,1000
HB30100628,SKC1-ROUTER-3012,220.128.0.200,SKC1-ROUTER-3315,220.128.33.203,10000,1000,1000
HB30100440,SKC1-ROUTER-3012,220.128.0.200,SKC1-ROUTER-3315,220.128.33.203,10000,1000,1000
HB30100534,SKC1-ROUTER-3012,220.128.0.200,SKC1-ROUTER-3315,220.128.33.203,10000,1000,1000
HB30100277,SKC1-ROUTER-3011,220.128.0.199,SKC1-ROUTER-3315,220.128.33.203,10000,1000,1000
HB30100532,SKC1-ROUTER-3011,220.128.0.199,SKC1-ROUTER-3315,220.128.33.203,10000,1000,1000
HB30100625,SKC1-ROUTER-3011,220.128.0.199,SKC1-ROUTER-3315,220.128.33.203,10000,1000,1000
HB30100531,SKC1-ROUTER-3012,220.128.0.200,SKC1-ROUTER-3315,220.128.33.203,10000,1000,1000
HB30100573,SKC1-ROUTER-3011,220.128.0.199,SKC1-ROUTER-3315,220.128.33.203,10000,1000,1000
HB30100654,SKC1-ROUTER-3022,220.128.0.212,SKC1-ROUTER-3315,220.128.33.203,100000,100,100
HB30100575,SKC1-ROUTER-3012,220.128.0.200,SKC1-ROUTER-3315,220.128.33.203,10000,1000,1000
42E-92366,TCHN-ROUTER-3011,220.128.0.139,NTNK-ROUTER-3301,220.128.33.173,10000,160,160
47E-90533,CHCH-ROUTER-3011,220.128.0.179,NTNK-ROUTER-3301,220.128.33.173,10000,160,160
47E-90572,CHCH-ROUTER-3011,220.128.0.179,NTNK-ROUTER-3301,220.128.33.173,10000,160,160
47E-90620,CHCH-ROUTER-3011,220.128.0.179,NTNK-ROUTER-3301,220.128.33.173,10000,160,160
42E-92309,TCHN-ROUTER-3011,220.128.0.139,NTNK-ROUTER-3301,220.128.33.173,10000,160,160
72E-95695,SKC1-ROUTER-3022,220.128.0.212,HYMD-ROUTER-3302,220.128.0.222,10000,150,150
HB31300026,HYMD-ROUTER-3301,220.128.0.221,HYMD-ROUTER-3302,220.128.0.222,10000,10,10
6D-91101,TNE1-ROUTER-3012,220.128.0.232,HYMD-ROUTER-3302,220.128.0.222,10000,160,160
33E-90642B,TYFO-ROUTER-3016,220.128.0.46,MLML-ROUTER-3302,220.128.33.150,10000,110,100
223E-93469,TPDT-ROUTER-3012,220.128.0.92,MLML-ROUTER-3302,220.128.33.150,10000,160,160
33E-91024,TYFO-ROUTER-3016,220.128.0.46,MLML-ROUTER-3302,220.128.33.150,10000,110,100
223E-93309,TPDT-ROUTER-3012,220.128.0.92,MLML-ROUTER-3302,220.128.33.150,10000,160,160
HB21200135,MLML-ROUTER-3301,220.128.33.149,MLML-ROUTER-3302,220.128.33.150,1000,1000,1000
33E-90750,TYFO-ROUTER-3016,220.128.0.46,MLML-ROUTER-3302,220.128.33.150,10000,110,100
72D-97750,SKC1-ROUTER-3011,220.128.0.199,NKN1-ROUTER-3311,220.128.33.211,10000,160,160
72D-97543,SKC1-ROUTER-3011,220.128.0.199,NKN1-ROUTER-3311,220.128.33.211,10000,160,160
6E-90391,TNE1-ROUTER-3011,220.128.0.231,NKN1-ROUTER-3311,220.128.33.211,10000,160,160
6E-90388,TNE1-ROUTER-3011,220.128.0.231,NKN1-ROUTER-3311,220.128.33.211,10000,160,160
6E-90455,TNE1-ROUTER-3011,220.128.0.231,NKN1-ROUTER-3311,220.128.33.211,10000,160,160
72D-97746,SKC1-ROUTER-3011,220.128.0.199,NKN1-ROUTER-3311,220.128.33.211,10000,160,160
6E-90444,TNE1-ROUTER-3011,220.128.0.231,NKN1-ROUTER-3311,220.128.33.211,10000,160,160
72D-90530,SKC1-ROUTER-3011,220.128.0.199,NKN1-ROUTER-3311,220.128.33.211,10000,160,160
72D-97744,SKC1-ROUTER-3011,220.128.0.199,NKN1-ROUTER-3311,220.128.33.211,10000,160,160
72D-97711,SKC1-ROUTER-3011,220.128.0.199,NKN1-ROUTER-3311,220.128.33.211,10000,160,160
72D-97620,SKC1-ROUTER-3011,220.128.0.199,NKN1-ROUTER-3311,220.128.33.211,10000,160,160
72D-97618,SKC1-ROUTER-3011,220.128.0.199,NKN1-ROUTER-3311,220.128.33.211,10000,160,160
223E-93662,TPDT-ROUTER-3011,220.128.0.91,HLCA-ROUTER-3301,220.128.33.129,10000,160,160
227E-92029,TPE4-ROUTER-3201,220.128.0.69,HLCA-ROUTER-3301,220.128.33.129,10000,100,100
223E-93448,TPDT-ROUTER-3011,220.128.0.91,HLCA-ROUTER-3301,220.128.33.129,10000,160,160
223E-93529,TPDT-ROUTER-3011,220.128.0.91,HLCA-ROUTER-3301,220.128.33.129,10000,160,160
HB10101479,TPDT-ROUTER-3011,220.128.0.91,TPDT-ROUTER-3308,220.128.33.12,10000,100,100
HB10101655,TPDT-ROUTER-3011,220.128.0.91,TPDT-ROUTER-3308,220.128.33.12,10000,100,100
HB10101552,TPDT-ROUTER-3011,220.128.0.91,TPDT-ROUTER-3308,220.128.33.12,10000,100,100
HB10101657,TPDT-ROUTER-3012,220.128.0.92,TPDT-ROUTER-3308,220.128.33.12,10000,100,100
HB10102202,TPDT-ROUTER-3012,220.128.0.92,TPDT-ROUTER-3308,220.128.33.12,10000,100,100
HB10101554,TPDT-ROUTER-3012,220.128.0.92,TPDT-ROUTER-3308,220.128.33.12,10000,100,100
HB10101555,TPDT-ROUTER-3307,220.128.33.11,TPDT-ROUTER-3308,220.128.33.12,10000,100,100
HB10102200,TPDT-ROUTER-3011,220.128.0.91,TPDT-ROUTER-3308,220.128.33.12,10000,100,100
HB10101481,TPDT-ROUTER-3012,220.128.0.92,TPDT-ROUTER-3308,220.128.33.12,10000,100,100
HB31200132,TNE1-ROUTER-3012,220.128.0.232,TNE1-ROUTER-3301,220.128.33.225,80000,100,100
HB31200124,TNE1-ROUTER-3011,220.128.0.231,TNE1-ROUTER-3301,220.128.33.225,100000,100,100
72E-96533,SKC1-ROUTER-3022,220.128.0.212,PTHS-ROUTER-3312,220.128.33.240,10000,150,150
72E-95800,SKC1-ROUTER-3022,220.128.0.212,PTHS-ROUTER-3312,220.128.33.240,10000,150,150
72E-96213,SKC1-ROUTER-3022,220.128.0.212,PTHS-ROUTER-3312,220.128.33.240,10000,150,150
6E-90466,TNE1-ROUTER-3012,220.128.0.232,PTHS-ROUTER-3312,220.128.33.240,10000,160,160
HB30400056,PTHS-ROUTER-3311,220.128.33.239,PTHS-ROUTER-3312,220.128.33.240,10000,1000,1000
6E-90423B,TNE1-ROUTER-3012,220.128.0.232,PTHS-ROUTER-3312,220.128.33.240,10000,160,160
HB30100374,SKC1-ROUTER-3011,220.128.0.199,SKC1-ROUTER-3311,220.128.33.201,10000,100,100
HB30100515,SKC1-ROUTER-3012,220.128.0.200,SKC1-ROUTER-3311,220.128.33.201,10000,100,100
HB30100658,SKC1-ROUTER-3022,220.128.0.212,SKC1-ROUTER-3311,220.128.33.201,100000,90,90
HB30100525,SKC1-ROUTER-3011,220.128.0.199,SKC1-ROUTER-3311,220.128.33.201,10000,100,100
HB30100523,SKC1-ROUTER-3011,220.128.0.199,SKC1-ROUTER-3311,220.128.33.201,10000,100,100
HB30100581,SKC1-ROUTER-3012,220.128.0.200,SKC1-ROUTER-3311,220.128.33.201,10000,100,100
HB30100578,SKC1-ROUTER-3011,220.128.0.199,SKC1-ROUTER-3311,220.128.33.201,10000,100,100
HB30100550,SKC1-ROUTER-3012,220.128.0.200,SKC1-ROUTER-3311,220.128.33.201,10000,100,100
HB30103350,SKC1-ROUTER-3011,220.128.0.199,SKC1-ROUTER-3311,220.128.33.201,10000,100,100
HB30100524,SKC1-ROUTER-3012,220.128.0.200,SKC1-ROUTER-3311,220.128.33.201,10000,100,100
HB30100442,SKC1-ROUTER-3012,220.128.0.200,SKC1-ROUTER-3311,220.128.33.201,10000,100,100
HB30100651,SKC1-ROUTER-3021,220.128.0.211,SKC1-ROUTER-3311,220.128.33.201,100000,90,90
HB10101719,TPDT-ROUTER-3012,220.128.0.92,TPDT-ROUTER-3301,220.128.33.15,10000,110,110
HB10102566,TPDT-ROUTER-3011,220.128.0.91,TPDT-ROUTER-3301,220.128.33.15,10000,110,110
HB10102567,TPDT-ROUTER-3011,220.128.0.91,TPDT-ROUTER-3301,220.128.33.15,10000,110,110
HB10102577,TPDT-ROUTER-3012,220.128.0.92,TPDT-ROUTER-3301,220.128.33.15,10000,110,110
HB10100848,TPDT-ROUTER-3011,220.128.0.91,TPDT-ROUTER-3301,220.128.33.15,10000,110,110
HB10102447,TPDT-ROUTER-3011,220.128.0.91,TPDT-ROUTER-3301,220.128.33.15,10000,110,110
HB10100904,TPDT-ROUTER-3012,220.128.0.92,TPDT-ROUTER-3301,220.128.33.15,10000,110,110
HB10101720,TPDT-ROUTER-3011,220.128.0.91,TPDT-ROUTER-3301,220.128.33.15,10000,110,110
HB10102448,TPDT-ROUTER-3012,220.128.0.92,TPDT-ROUTER-3301,220.128.33.15,10000,110,110
HB10100795,TPDT-ROUTER-3011,220.128.0.91,TPDT-ROUTER-3301,220.128.33.15,10000,110,110
HB10102571,TPDT-ROUTER-3012,220.128.0.92,TPDT-ROUTER-3301,220.128.33.15,10000,110,110
HB10100849,TPDT-ROUTER-3012,220.128.0.92,TPDT-ROUTER-3301,220.128.33.15,10000,110,110
6E-90399,TNE1-ROUTER-3011,220.128.0.231,PTHS-ROUTER-3311,220.128.33.239,10000,160,160
72E-96394,SKC1-ROUTER-3021,220.128.0.211,PTHS-ROUTER-3311,220.128.33.239,10000,150,150
6E-90423,TNE1-ROUTER-3011,220.128.0.231,PTHS-ROUTER-3311,220.128.33.239,10000,160,160
72E-96346,SKC1-ROUTER-3021,220.128.0.211,PTHS-ROUTER-3311,220.128.33.239,10000,150,150
72E-95801,SKC1-ROUTER-3021,220.128.0.211,PTHS-ROUTER-3311,220.128.33.239,10000,150,150
HB10102128,TPDT-ROUTER-3011,220.128.0.91,TPDT-ROUTER-4103,220.128.0.13,10000,100,100
HB10101625,TPDT-ROUTER-3012,220.128.0.92,TPDT-ROUTER-4103,220.128.0.13,10000,100,100
HB10100858,TPDT-ROUTER-3011,220.128.0.91,TPDT-ROUTER-4103,220.128.0.13,10000,100,100
HB10101614,TPDT-ROUTER-3011,220.128.0.91,TPDT-ROUTER-4103,220.128.0.13,10000,100,100
HB10102129,TPDT-ROUTER-3011,220.128.0.91,TPDT-ROUTER-4103,220.128.0.13,10000,100,100
HB10100835,TPDT-ROUTER-3011,220.128.0.91,TPDT-ROUTER-4103,220.128.0.13,10000,100,100
HB10101699,TPDT-ROUTER-3011,220.128.0.91,TPDT-ROUTER-4103,220.128.0.13,10000,100,100
HB10101119,TPDT-ROUTER-3011,220.128.0.91,TPDT-ROUTER-4103,220.128.0.13,10000,100,100
HB10101700,TPDT-ROUTER-3012,220.128.0.92,TPDT-ROUTER-4103,220.128.0.13,10000,100,100
HB10102130,TPDT-ROUTER-3012,220.128.0.92,TPDT-ROUTER-4103,220.128.0.13,10000,100,100
HB10100873,TPDT-ROUTER-3012,220.128.0.92,TPDT-ROUTER-4103,220.128.0.13,10000,100,100
HB10102131,TPDT-ROUTER-3012,220.128.0.92,TPDT-ROUTER-4103,220.128.0.13,10000,100,100
HB10101124,TPDT-ROUTER-3012,220.128.0.92,TPDT-ROUTER-4103,220.128.0.13,10000,100,100
HB10100837,TPDT-ROUTER-3012,220.128.0.92,TPDT-ROUTER-4103,220.128.0.13,10000,100,100
HB10102093,TPDT-ROUTER-3012,220.128.0.92,TPDB-ROUTER-4207,220.128.0.16,10000,100,100
HB10100864,TPDT-ROUTER-3012,220.128.0.92,TPDB-ROUTER-4207,220.128.0.16,10000,100,100
HB10102092,TPDT-ROUTER-3011,220.128.0.91,TPDB-ROUTER-4207,220.128.0.16,10000,100,100
HB10100863,TPDT-ROUTER-3011,220.128.0.91,TPDB-ROUTER-4207,220.128.0.16,10000,100,100
HB30100494,SKC1-ROUTER-3021,220.128.0.211,SKC1-ROUTER-4101,220.128.0.241,100000,90,100
HB30100495,SKC1-ROUTER-3022,220.128.0.212,SKC1-ROUTER-4101,220.128.0.241,100000,90,100
HB10400257,TPE4-ROUTER-3301,220.128.33.69,TPE4-ROUTER-3302,220.128.33.70,1000,100,100
HB10400480,TPE4-ROUTER-3201,220.128.0.69,TPE4-ROUTER-3302,220.128.33.70,100000,100,100
HB10400482,TPE4-ROUTER-3202,220.128.0.70,TPE4-ROUTER-3302,220.128.33.70,100000,100,100
HB10400230,TPE4-ROUTER-3301,220.128.33.69,TPE4-ROUTER-3302,220.128.33.70,1000,100,100
6E-90389,TNE1-ROUTER-3012,220.128.0.232,NKN1-ROUTER-3312,220.128.33.212,10000,160,160
72D-97542,SKC1-ROUTER-3012,220.128.0.200,NKN1-ROUTER-3312,220.128.33.212,10000,160,160
72D-90531,SKC1-ROUTER-3012,220.128.0.200,NKN1-ROUTER-3312,220.128.33.212,10000,160,160
72D-97747,SKC1-ROUTER-3012,220.128.0.200,NKN1-ROUTER-3312,220.128.33.212,10000,160,160
72D-97745,SKC1-ROUTER-3012,220.128.0.200,NKN1-ROUTER-3312,220.128.33.212,10000,160,160
6E-90456,TNE1-ROUTER-3012,220.128.0.232,NKN1-ROUTER-3312,220.128.33.212,10000,160,160
72D-97751,SKC1-ROUTER-3012,220.128.0.200,NKN1-ROUTER-3312,220.128.33.212,10000,160,160
72D-97712,SKC1-ROUTER-3012,220.128.0.200,NKN1-ROUTER-3312,220.128.33.212,10000,160,160
6E-90445,TNE1-ROUTER-3012,220.128.0.232,NKN1-ROUTER-3312,220.128.33.212,10000,160,160
6E-90390,TNE1-ROUTER-3012,220.128.0.232,NKN1-ROUTER-3312,220.128.33.212,10000,160,160
72D-97674,SKC1-ROUTER-3012,220.128.0.200,NKN1-ROUTER-3312,220.128.33.212,10000,160,160
72D-97619,SKC1-ROUTER-3012,220.128.0.200,NKN1-ROUTER-3312,220.128.33.212,10000,160,160
HB20100482,TCHN-ROUTER-3012,220.128.0.140,TCHN-ROUTER-3302,220.128.33.142,100000,100,100
HB20100528,TCHN-ROUTER-3301,220.128.33.141,TCHN-ROUTER-3302,220.128.33.142,10000,100,100
HB20100480,TCHN-ROUTER-3011,220.128.0.139,TCHN-ROUTER-3302,220.128.33.142,100000,100,100
HB20100085,TCHN-ROUTER-3301,220.128.33.141,TCHN-ROUTER-3302,220.128.33.142,10000,100,100
HB30100439,SKC1-ROUTER-3011,220.128.0.199,SKC1-ROUTER-3316,220.128.33.204,10000,1000,1000
HB30100536,SKC1-ROUTER-3011,220.128.0.199,SKC1-ROUTER-3316,220.128.33.204,10000,1000,1000
HB30100533,SKC1-ROUTER-3315,220.128.33.203,SKC1-ROUTER-3316,220.128.33.204,10000,100,100
HB30100535,SKC1-ROUTER-3012,220.128.0.200,SKC1-ROUTER-3316,220.128.33.204,10000,1000,1000
HB30100627,SKC1-ROUTER-3011,220.128.0.199,SKC1-ROUTER-3316,220.128.33.204,10000,1000,1000
HB30100626,SKC1-ROUTER-3012,220.128.0.200,SKC1-ROUTER-3316,220.128.33.204,10000,1000,1000
HB30100288,SKC1-ROUTER-3011,220.128.0.199,SKC1-ROUTER-3316,220.128.33.204,10000,1000,1000
HB30100278,SKC1-ROUTER-3012,220.128.0.200,SKC1-ROUTER-3316,220.128.33.204,10000,1000,1000
HB30100656,SKC1-ROUTER-3022,220.128.0.212,SKC1-ROUTER-3316,220.128.33.204,100000,100,100
HB30100537,SKC1-ROUTER-3012,220.128.0.200,SKC1-ROUTER-3316,220.128.33.204,10000,1000,1000
HB30100574,SKC1-ROUTER-3011,220.128.0.199,SKC1-ROUTER-3316,220.128.33.204,10000,1000,1000
HB30100438,SKC1-ROUTER-3012,220.128.0.200,SKC1-ROUTER-3316,220.128.33.204,10000,1000,1000
HB30100576,SKC1-ROUTER-3012,220.128.0.200,SKC1-ROUTER-3316,220.128.33.204,10000,1000,1000
HB30100653,SKC1-ROUTER-3021,220.128.0.211,SKC1-ROUTER-3316,220.128.33.204,100000,100,100
HB30100538,SKC1-ROUTER-3011,220.128.0.199,SKC1-ROUTER-3316,220.128.33.204,10000,1000,1000
47E-90486,CHCH-ROUTER-3011,220.128.0.179,TCKK-ROUTER-3301,220.128.33.151,10000,160,160
47E-90422,CHCH-ROUTER-3012,220.128.0.180,TCKK-ROUTER-3301,220.128.33.151,10000,160,160
42D-92705,TCHN-ROUTER-3011,220.128.0.139,TCKK-ROUTER-3301,220.128.33.151,10000,160,160
295D-96523,PCPD-ROUTER-3211,220.128.0.63,SIPR-ROUTER-3301,220.128.33.33,10000,270,270
33E-90608,TYFO-ROUTER-3015,220.128.0.45,SIPR-ROUTER-3301,220.128.33.33,10000,110,110
223D-97058,TPDT-ROUTER-3011,220.128.0.91,SIPR-ROUTER-3301,220.128.33.33,10000,160,160
223D-91406,TPDT-ROUTER-3011,220.128.0.91,SIPR-ROUTER-3301,220.128.33.33,10000,160,160
295D-96524,PCPD-ROUTER-3211,220.128.0.63,SIPR-ROUTER-3301,220.128.33.33,10000,270,270
33E-90733,TYFO-ROUTER-3015,220.128.0.45,SIPR-ROUTER-3301,220.128.33.33,10000,110,110
47E-90544,CHCH-ROUTER-3011,220.128.0.179,CSLL-ROUTER-3301,220.128.33.159,10000,160,160
42D-92623,TCHN-ROUTER-3011,220.128.0.139,CSLL-ROUTER-3301,220.128.33.159,10000,160,160
47E-90400,CHCH-ROUTER-3011,220.128.0.179,CSLL-ROUTER-3301,220.128.33.159,10000,160,160
42D-92713,TCHN-ROUTER-3011,220.128.0.139,CSLL-ROUTER-3301,220.128.33.159,10000,160,160
42D-92758,TCHN-ROUTER-3011,220.128.0.139,CSLL-ROUTER-3301,220.128.33.159,10000,160,160
33E-90642,TYFO-ROUTER-3015,220.128.0.45,MLML-ROUTER-3301,220.128.33.149,10000,110,100
223E-93563,TPDT-ROUTER-3011,220.128.0.91,MLML-ROUTER-3301,220.128.33.149,10000,160,160
33E-90928,TYFO-ROUTER-3015,220.128.0.45,MLML-ROUTER-3301,220.128.33.149,10000,110,100
33E-90474,TYFO-ROUTER-3015,220.128.0.45,MLML-ROUTER-3301,220.128.33.149,10000,110,100
223E-93308,TPDT-ROUTER-3011,220.128.0.91,MLML-ROUTER-3301,220.128.33.149,10000,160,160
HB10800317,SCZS-ROUTER-3202,220.128.0.48,SCZS-ROUTER-3311,220.128.33.83,100000,100,100
HB10800315,SCZS-ROUTER-3201,220.128.0.47,SCZS-ROUTER-3311,220.128.33.83,100000,100,100
HB10300285,SNUH-ROUTER-3202,220.128.0.30,SNUH-ROUTER-3301,220.128.33.29,10000,100,100
295D-96315,PCPD-ROUTER-3211,220.128.0.63,SNUH-ROUTER-3301,220.128.33.29,10000,300,300
HB10300239,SNUH-ROUTER-3202,220.128.0.30,SNUH-ROUTER-3301,220.128.33.29,10000,100,100
HB10300143,SNUH-ROUTER-3202,220.128.0.30,SNUH-ROUTER-3301,220.128.33.29,10000,100,100
HB10300269,SNUH-ROUTER-3201,220.128.0.29,SNUH-ROUTER-3301,220.128.33.29,10000,100,100
HB10300131,SNUH-ROUTER-3201,220.128.0.29,SNUH-ROUTER-3301,220.128.33.29,10000,100,100
295D-96316,PCPD-ROUTER-3211,220.128.0.63,SNUH-ROUTER-3301,220.128.33.29,10000,300,300
HB10300187,SNUH-ROUTER-3202,220.128.0.30,SNUH-ROUTER-3301,220.128.33.29,10000,100,100
HB10300237,SNUH-ROUTER-3201,220.128.0.29,SNUH-ROUTER-3301,220.128.33.29,10000,100,100
HB10300184,SNUH-ROUTER-3201,220.128.0.29,SNUH-ROUTER-3301,220.128.33.29,10000,100,100
6D-91039,TNE1-ROUTER-3011,220.128.0.231,HYMD-ROUTER-3301,220.128.0.221,10000,160,160
72E-95694,SKC1-ROUTER-3021,220.128.0.211,HYMD-ROUTER-3301,220.128.0.221,10000,150,150
72E-96426,SKC1-ROUTER-3021,220.128.0.211,HYMD-ROUTER-3301,220.128.0.221,10000,150,150
47E-90486B,CHCH-ROUTER-3012,220.128.0.180,TCKK-ROUTER-3302,220.128.33.152,10000,160,160
47E-90396,CHCH-ROUTER-3011,220.128.0.179,TCKK-ROUTER-3302,220.128.33.152,10000,160,160
HB20700079,TCKK-ROUTER-3301,220.128.33.151,TCKK-ROUTER-3302,220.128.33.152,10000,100,100
42D-92706,TCHN-ROUTER-3012,220.128.0.140,TCKK-ROUTER-3302,220.128.33.152,10000,160,160
HB20900071,FYFY-ROUTER-3301,220.128.33.147,FYFY-ROUTER-3302,220.128.33.148,10000,10,10
47E-90525,CHCH-ROUTER-3012,220.128.0.180,FYFY-ROUTER-3302,220.128.33.148,10000,160,160
47E-90391,CHCH-ROUTER-3012,220.128.0.180,FYFY-ROUTER-3302,220.128.33.148,10000,160,160
42D-92681,TCHN-ROUTER-3012,220.128.0.140,FYFY-ROUTER-3302,220.128.33.148,10000,160,160
HB21300089,ULUL-ROUTER-3301,220.128.33.187,ULUL-ROUTER-3302,220.128.33.188,1000,1000,1000
HB21300047,ULUL-ROUTER-3301,220.128.33.187,ULUL-ROUTER-3302,220.128.33.188,10000,100,100
42E-92304,TCHN-ROUTER-3012,220.128.0.140,ULUL-ROUTER-3302,220.128.33.188,10000,160,160
47D-93410,CHCH-ROUTER-3012,220.128.0.180,ULUL-ROUTER-3302,220.128.33.188,10000,160,160
47D-91311,CHCH-ROUTER-3012,220.128.0.180,ULUL-ROUTER-3302,220.128.33.188,10000,160,160
HB30100528,SKC1-ROUTER-3012,220.128.0.200,SKC1-ROUTER-3312,220.128.33.202,10000,100,100
HB30100580,SKC1-ROUTER-3012,220.128.0.200,SKC1-ROUTER-3312,220.128.33.202,10000,100,100
HB30100513,SKC1-ROUTER-3011,220.128.0.199,SKC1-ROUTER-3312,220.128.33.202,10000,100,100
HB30100375,SKC1-ROUTER-3012,220.128.0.200,SKC1-ROUTER-3312,220.128.33.202,10000,100,100
HB30100551,SKC1-ROUTER-3311,220.128.33.201,SKC1-ROUTER-3312,220.128.33.202,10000,100,100
HB30100527,SKC1-ROUTER-3011,220.128.0.199,SKC1-ROUTER-3312,220.128.33.202,10000,100,100
HB30100549,SKC1-ROUTER-3011,220.128.0.199,SKC1-ROUTER-3312,220.128.33.202,10000,100,100
HB30100652,SKC1-ROUTER-3022,220.128.0.212,SKC1-ROUTER-3312,220.128.33.202,100000,90,90
HB30100579,SKC1-ROUTER-3011,220.128.0.199,SKC1-ROUTER-3312,220.128.33.202,10000,100,100
HB30100441,SKC1-ROUTER-3011,220.128.0.199,SKC1-ROUTER-3312,220.128.33.202,10000,100,100
HB30100526,SKC1-ROUTER-3012,220.128.0.200,SKC1-ROUTER-3312,220.128.33.202,10000,100,100
HB30104350,SKC1-ROUTER-3012,220.128.0.200,SKC1-ROUTER-3312,220.128.33.202,10000,100,100
HB30100657,SKC1-ROUTER-3021,220.128.0.211,SKC1-ROUTER-3312,220.128.33.202,100000,90,90
6D-91122,TNE1-ROUTER-3012,220.128.0.232,TNCD-ROUTER-3312,220.128.33.220,10000,160,160
72E-96360,SKC1-ROUTER-3012,220.128.0.200,TNCD-ROUTER-3312,220.128.33.220,10000,160,160
72E-95748,SKC1-ROUTER-3012,220.128.0.200,TNCD-ROUTER-3312,220.128.33.220,10000,160,160
6D-91117,TNE1-ROUTER-3012,220.128.0.232,TNCD-ROUTER-3312,220.128.33.220,10000,160,160
HB30200225,TNCD-ROUTER-3311,220.128.33.219,TNCD-ROUTER-3312,220.128.33.220,10000,100,100
72E-96158B,SKC1-ROUTER-3012,220.128.0.200,TNCD-ROUTER-3312,220.128.33.220,10000,160,160
6D-91046,TNE1-ROUTER-3012,220.128.0.232,TNCD-ROUTER-3312,220.128.33.220,10000,160,160
6D-91108,TNE1-ROUTER-3012,220.128.0.232,TNCD-ROUTER-3312,220.128.33.220,10000,160,160
6D-91102,TNE1-ROUTER-3012,220.128.0.232,TNCD-ROUTER-3312,220.128.33.220,10000,160,160
HB10100798,TPDT-ROUTER-3012,220.128.0.92,TPDT-ROUTER-3302,220.128.33.16,10000,110,110
HB10102572,TPDT-ROUTER-3012,220.128.0.92,TPDT-ROUTER-3302,220.128.33.16,10000,110,110
HB10100878,TPDT-ROUTER-3301,220.128.33.15,TPDT-ROUTER-3302,220.128.33.16,10000,100,100
HB10102568,TPDT-ROUTER-3011,220.128.0.91,TPDT-ROUTER-3302,220.128.33.16,10000,110,110
HB10100903,TPDT-ROUTER-3011,220.128.0.91,TPDT-ROUTER-3302,220.128.33.16,10000,110,110
HB10100874,TPDT-ROUTER-3012,220.128.0.92,TPDT-ROUTER-3302,220.128.33.16,10000,110,110
HB10102573,TPDT-ROUTER-3012,220.128.0.92,TPDT-ROUTER-3302,220.128.33.16,10000,110,110
HB10102569,TPDT-ROUTER-3011,220.128.0.91,TPDT-ROUTER-3302,220.128.33.16,10000,110,110
HB10100872,TPDT-ROUTER-3011,220.128.0.91,TPDT-ROUTER-3302,220.128.33.16,10000,110,110
227E-92056,TPE4-ROUTER-3201,220.128.0.69,RTKZ-ROUTER-3311,220.128.33.121,10000,100,100
227E-92050,TPE4-ROUTER-3201,220.128.0.69,RTKZ-ROUTER-3311,220.128.33.121,10000,100,100
223E-93677,TPDT-ROUTER-3011,220.128.0.91,RTKZ-ROUTER-3311,220.128.33.121,10000,160,160
223E-93393,TPDT-ROUTER-3011,220.128.0.91,RTKZ-ROUTER-3311,220.128.33.121,10000,160,160
HB30800024,KMKC-ROUTER-3301,220.128.0.247,KMKC-ROUTER-3303,220.128.0.249,10000,1000,1000
HB30800026,KMKC-ROUTER-3302,220.128.0.248,KMKC-ROUTER-3303,220.128.0.249,10000,1000,1000
223D-90391,TPDT-ROUTER-3012,220.128.0.92,SIPR-ROUTER-3302,220.128.33.34,10000,160,160
33E-90608B,TYFO-ROUTER-3016,220.128.0.46,SIPR-ROUTER-3302,220.128.33.34,10000,110,110
295D-96526,PCPD-ROUTER-3212,220.128.0.64,SIPR-ROUTER-3302,220.128.33.34,10000,270,270
223D-95859,TPDT-ROUTER-3012,220.128.0.92,SIPR-ROUTER-3302,220.128.33.34,10000,160,160
33E-90420,TYFO-ROUTER-3016,220.128.0.46,SIPR-ROUTER-3302,220.128.33.34,10000,110,110
HB11100074,SIPR-ROUTER-3301,220.128.33.33,SIPR-ROUTER-3302,220.128.33.34,10000,100,100
295D-96525,PCPD-ROUTER-3212,220.128.0.64,SIPR-ROUTER-3302,220.128.33.34,10000,270,270
47E-90545,CHCH-ROUTER-3011,220.128.0.179,FYFY-ROUTER-3301,220.128.33.147,10000,160,160
42D-92710,TCHN-ROUTER-3011,220.128.0.139,FYFY-ROUTER-3301,220.128.33.147,10000,160,160
42D-92715,TCHN-ROUTER-3011,220.128.0.139,FYFY-ROUTER-3301,220.128.33.147,10000,160,160
47E-90390,CHCH-ROUTER-3011,220.128.0.179,FYFY-ROUTER-3301,220.128.33.147,10000,160,160
HB10101341,TPDT-ROUTER-3012,220.128.0.92,TPDT-ROUTER-4102,220.128.0.6,100000,100,100
HB10101786,TPDT-ROUTER-3012,220.128.0.92,TPDT-ROUTER-4102,220.128.0.6,100000,100,100
HB10101785,TPDT-ROUTER-3011,220.128.0.91,TPDT-ROUTER-4102,220.128.0.6,100000,100,100
227D-96405,TPE4-ROUTER-3202,220.128.0.70,SHMZ-ROUTER-3302,220.128.33.100,10000,60,60
HB11200069,SHMZ-ROUTER-3301,220.128.33.99,SHMZ-ROUTER-3302,220.128.33.100,10000,100,100
295D-96330,PCPD-ROUTER-3212,220.128.0.64,SHMZ-ROUTER-3302,220.128.33.100,10000,110,100
223D-97472,TPDT-ROUTER-3012,220.128.0.92,SHMZ-ROUTER-3302,220.128.33.100,10000,160,160
223D-91504,TPDT-ROUTER-3012,220.128.0.92,SHMZ-ROUTER-3302,220.128.33.100,10000,160,160
227D-96557,TPE4-ROUTER-3202,220.128.0.70,SHMZ-ROUTER-3302,220.128.33.100,10000,60,60
HB10800318,SCZS-ROUTER-3202,220.128.0.48,SCZS-ROUTER-3312,220.128.33.84,100000,100,100
HB10800319,SCZS-ROUTER-3311,220.128.33.83,SCZS-ROUTER-3312,220.128.33.84,10000,100,100
HB10800316,SCZS-ROUTER-3201,220.128.0.47,SCZS-ROUTER-3312,220.128.33.84,100000,100,100
295D-96519,PCPD-ROUTER-3211,220.128.0.63,SHGS-ROUTER-3301,220.128.33.113,10000,270,270
223D-97182,TPDT-ROUTER-3011,220.128.0.91,SHGS-ROUTER-3301,220.128.33.113,10000,160,160
223D-91609,TPDT-ROUTER-3011,220.128.0.91,SHGS-ROUTER-3301,220.128.33.113,10000,160,160
295D-93264,PCPC-ROUTER-3201,220.128.0.67,SHGS-ROUTER-3301,220.128.33.113,10000,60,60
33E-90729,TYFO-ROUTER-3016,220.128.0.46,SHGS-ROUTER-3301,220.128.33.113,10000,100,100
33E-90641,TYFO-ROUTER-3015,220.128.0.45,SHGS-ROUTER-3301,220.128.33.113,10000,100,100
295D-96520,PCPD-ROUTER-3211,220.128.0.63,SHGS-ROUTER-3301,220.128.33.113,10000,270,270
42E-92389,TCHN-ROUTER-3011,220.128.0.139,TLHN-ROUTER-3301,220.128.33.165,10000,160,160
47E-90414,CHCH-ROUTER-3011,220.128.0.179,TLHN-ROUTER-3301,220.128.33.165,10000,160,160
42E-92362,TCHN-ROUTER-3011,220.128.0.139,TLHN-ROUTER-3301,220.128.33.165,10000,160,160
42E-92377,TCHN-ROUTER-3011,220.128.0.139,TLHN-ROUTER-3301,220.128.33.165,10000,160,160
47E-90532,CHCH-ROUTER-3011,220.128.0.179,TLHN-ROUTER-3301,220.128.33.165,10000,160,160
HB10101938,TPDT-ROUTER-3012,220.128.0.92,TPDB-ROUTER-4208,220.128.0.18,10000,100,100
HB10100933,TPDT-ROUTER-3012,220.128.0.92,TPDB-ROUTER-4208,220.128.0.18,10000,100,100
HB10100929,TPDT-ROUTER-3012,220.128.0.92,TPDB-ROUTER-4208,220.128.0.18,10000,100,100
HB10101037,TPDT-ROUTER-3011,220.128.0.91,TPDB-ROUTER-4208,220.128.0.18,10000,100,100
HB10101937,TPDT-ROUTER-3011,220.128.0.91,TPDB-ROUTER-4208,220.128.0.18,10000,100,100
223E-93629,TPDT-ROUTER-3011,220.128.0.91,CLPY-ROUTER-3301,220.128.33.43,10000,160,160
33D-93660,TYFO-ROUTER-3015,220.128.0.45,CLPY-ROUTER-3301,220.128.33.43,10000,100,100
33D-95494,TYFO-ROUTER-3015,220.128.0.45,CLPY-ROUTER-3301,220.128.33.43,10000,100,100
33D-91987,TYFO-ROUTER-3015,220.128.0.45,CLPY-ROUTER-3301,220.128.33.43,10000,100,100
223E-93426,TPDT-ROUTER-3011,220.128.0.91,CLPY-ROUTER-3301,220.128.33.43,10000,160,160
223E-93306,TPDT-ROUTER-3011,220.128.0.91,CLPY-ROUTER-3301,220.128.33.43,10000,160,160
33D-94540,TYFO-ROUTER-3015,220.128.0.45,CLPY-ROUTER-3301,220.128.33.43,10000,100,100
223E-93513,TPDT-ROUTER-3011,220.128.0.91,CLPY-ROUTER-3301,220.128.33.43,10000,160,160
33D-95647,TYFO-ROUTER-3015,220.128.0.45,CLPY-ROUTER-3301,220.128.33.43,10000,100,100
33D-93802,TYFO-ROUTER-3015,220.128.0.45,CLPY-ROUTER-3301,220.128.33.43,10000,100,100
33D-94151,TYFO-ROUTER-3015,220.128.0.45,CLPY-ROUTER-3301,220.128.33.43,10000,100,100
HB31200125,TNE1-ROUTER-3012,220.128.0.232,TNE1-ROUTER-3302,220.128.33.226,100000,100,100
HB31201936,TNE1-ROUTER-3301,220.128.33.225,TNE1-ROUTER-3302,220.128.33.226,1000,100,100
223E-93447,TPDT-ROUTER-3012,220.128.0.92,RTKZ-ROUTER-3312,220.128.33.122,10000,160,160
227E-92030,TPE4-ROUTER-3202,220.128.0.70,RTKZ-ROUTER-3312,220.128.33.122,10000,100,100
223E-93678,TPDT-ROUTER-3012,220.128.0.92,RTKZ-ROUTER-3312,220.128.33.122,10000,160,160
223E-93581,TPDT-ROUTER-3012,220.128.0.92,RTKZ-ROUTER-3312,220.128.33.122,10000,160,160
HB10700104,RTKZ-ROUTER-3311,220.128.33.121,RTKZ-ROUTER-3312,220.128.33.122,10000,100,100
HB10101789,TPDB-ROUTER-3311,220.128.33.17,TPDB-ROUTER-3312,220.128.33.18,10000,100,100
HB10102280,TPDT-ROUTER-3011,220.128.0.91,TPDB-ROUTER-3312,220.128.33.18,100000,10,10
HB10102638,TPDT-ROUTER-3012,220.128.0.92,TPDB-ROUTER-3312,220.128.33.18,100000,10,10
HB10102282,TPDT-ROUTER-3012,220.128.0.92,TPDB-ROUTER-3312,220.128.33.18,100000,10,10
HB10101553,TPDT-ROUTER-3012,220.128.0.92,TPDT-ROUTER-3307,220.128.33.11,10000,100,100
HB10102201,TPDT-ROUTER-3012,220.128.0.92,TPDT-ROUTER-3307,220.128.33.11,10000,100,100
HB10101656,TPDT-ROUTER-3012,220.128.0.92,TPDT-ROUTER-3307,220.128.33.11,10000,100,100
HB10101551,TPDT-ROUTER-3011,220.128.0.91,TPDT-ROUTER-3307,220.128.33.11,10000,100,100
HB10101654,TPDT-ROUTER-3011,220.128.0.91,TPDT-ROUTER-3307,220.128.33.11,10000,100,100
HB10101480,TPDT-ROUTER-3012,220.128.0.92,TPDT-ROUTER-3307,220.128.33.11,10000,100,100
HB10102199,TPDT-ROUTER-3011,220.128.0.91,TPDT-ROUTER-3307,220.128.33.11,10000,100,100
HB10101478,TPDT-ROUTER-3011,220.128.0.91,TPDT-ROUTER-3307,220.128.33.11,10000,100,100
HB10200513,TYFO-ROUTER-3015,220.128.0.45,TYFO-ROUTER-3301,220.128.0.41,100000,100,100
HB10200514,TYFO-ROUTER-3016,220.128.0.46,TYFO-ROUTER-3301,220.128.0.41,100000,100,100
HB10102080,TPDT-ROUTER-3011,220.128.0.91,TPDT-ROUTER-4104,220.128.0.14,10000,100,100
HB10101121,TPDT-ROUTER-3011,220.128.0.91,TPDT-ROUTER-4104,220.128.0.14,10000,100,100
HB10101099,TPDT-ROUTER-3011,220.128.0.91,TPDT-ROUTER-4104,220.128.0.14,10000,100,100
HB10101615,TPDT-ROUTER-3011,220.128.0.91,TPDT-ROUTER-4104,220.128.0.14,10000,100,100
HB10101120,TPDT-ROUTER-3011,220.128.0.91,TPDT-ROUTER-4104,220.128.0.14,10000,100,100
HB10101125,TPDT-ROUTER-3012,220.128.0.92,TPDT-ROUTER-4104,220.128.0.14,10000,100,100
HB10102134,TPDT-ROUTER-3012,220.128.0.92,TPDT-ROUTER-4104,220.128.0.14,10000,100,100
HB10101100,TPDT-ROUTER-3012,220.128.0.92,TPDT-ROUTER-4104,220.128.0.14,10000,100,100
HB10102132,TPDT-ROUTER-3011,220.128.0.91,TPDT-ROUTER-4104,220.128.0.14,10000,100,100
HB10101126,TPDT-ROUTER-3012,220.128.0.92,TPDT-ROUTER-4104,220.128.0.14,10000,100,100
HB10101642,TPDT-ROUTER-3012,220.128.0.92,TPDT-ROUTER-4104,220.128.0.14,10000,100,100
HB10102081,TPDT-ROUTER-3012,220.128.0.92,TPDT-ROUTER-4104,220.128.0.14,10000,100,100
HB10102133,TPDT-ROUTER-3011,220.128.0.91,TPDT-ROUTER-4104,220.128.0.14,10000,100,100
HB10102135,TPDT-ROUTER-3012,220.128.0.92,TPDT-ROUTER-4104,220.128.0.14,10000,100,100
72E-95731B,SKC1-ROUTER-3022,220.128.0.212,CAW1-ROUTER-3312,220.128.33.216,10000,150,150
6E-90400,TNE1-ROUTER-3012,220.128.0.232,CAW1-ROUTER-3312,220.128.33.216,10000,160,160
72E-96542,SKC1-ROUTER-3022,220.128.0.212,CAW1-ROUTER-3312,220.128.33.216,10000,150,150
72E-96361,SKC1-ROUTER-3022,220.128.0.212,CAW1-ROUTER-3312,220.128.33.216,10000,150,150
6E-90465,TNE1-ROUTER-3012,220.128.0.232,CAW1-ROUTER-3312,220.128.33.216,10000,160,160
72E-95731,SKC1-ROUTER-3022,220.128.0.212,CAW1-ROUTER-3312,220.128.33.216,10000,150,150
6E-90443,TNE1-ROUTER-3012,220.128.0.232,CAW1-ROUTER-3312,220.128.33.216,10000,160,160
HB30300085,CAW1-ROUTER-3311,220.128.33.215,CAW1-ROUTER-3312,220.128.33.216,10000,100,100
42D-92768,TCHN-ROUTER-3012,220.128.0.140,CSLL-ROUTER-3302,220.128.33.160,10000,160,160
HB20800055,CSLL-ROUTER-3301,220.128.33.159,CSLL-ROUTER-3302,220.128.33.160,10000,100,100
42D-92763,TCHN-ROUTER-3012,220.128.0.140,CSLL-ROUTER-3302,220.128.33.160,10000,160,160
42D-92714,TCHN-ROUTER-3012,220.128.0.140,CSLL-ROUTER-3302,220.128.33.160,10000,160,160
42D-92725,TCHN-ROUTER-3012,220.128.0.140,CSLL-ROUTER-3302,220.128.33.160,10000,160,160
47E-90401,CHCH-ROUTER-3012,220.128.0.180,CSLL-ROUTER-3302,220.128.33.160,10000,160,160
47E-90524,CHCH-ROUTER-3012,220.128.0.180,CSLL-ROUTER-3302,220.128.33.160,10000,160,160
HB10101346,TPDT-ROUTER-3011,220.128.0.91,TPDT-ROUTER-4105,220.128.0.3,10000,100,100
HB10101350,TPDT-ROUTER-3012,220.128.0.92,TPDT-ROUTER-4105,220.128.0.3,10000,100,100
HB10101347,TPDT-ROUTER-3011,220.128.0.91,TPDT-ROUTER-4105,220.128.0.3,10000,100,100
HB10101351,TPDT-ROUTER-3012,220.128.0.92,TPDT-ROUTER-4105,220.128.0.3,10000,100,100
HB10101708,TPDT-ROUTER-3012,220.128.0.92,TPDT-ROUTER-4105,220.128.0.3,10000,100,100
HB10101707,TPDT-ROUTER-3011,220.128.0.91,TPDT-ROUTER-4105,220.128.0.3,10000,100,100
HB11800004,PCPD-ROUTER-3211,220.128.0.63,PCPD-ROUTER-4001,220.128.0.53,100000,100,100
HB11800005,PCPD-ROUTER-3212,220.128.0.64,PCPD-ROUTER-4001,220.128.0.53,100000,100,100
72E-96553,SKC1-ROUTER-3011,220.128.0.199,TTML-ROUTER-3301,220.128.0.233,10000,160,160
223E-93466,TPDT-ROUTER-3011,220.128.0.91,TTML-ROUTER-3301,220.128.0.233,10000,160,160
72E-96315,SKC1-ROUTER-3021,220.128.0.211,CAW1-ROUTER-3311,220.128.33.215,10000,150,150
72E-96637,SKC1-ROUTER-3021,220.128.0.211,CAW1-ROUTER-3311,220.128.33.215,10000,150,150
72E-95686,SKC1-ROUTER-3021,220.128.0.211,CAW1-ROUTER-3311,220.128.33.215,10000,150,150
6E-90478,TNE1-ROUTER-3011,220.128.0.231,CAW1-ROUTER-3311,220.128.33.215,10000,160,160
6E-90446,TNE1-ROUTER-3011,220.128.0.231,CAW1-ROUTER-3311,220.128.33.215,10000,160,160
72E-95686B,SKC1-ROUTER-3021,220.128.0.211,CAW1-ROUTER-3311,220.128.33.215,10000,150,150
6E-90422,TNE1-ROUTER-3011,220.128.0.231,CAW1-ROUTER-3311,220.128.33.215,10000,160,160
223D-91660,TPDT-ROUTER-3012,220.128.0.92,TPN2-ROUTER-3302,220.128.33.78,10000,160,160
295D-96325,PCPD-ROUTER-3212,220.128.0.64,TPN2-ROUTER-3302,220.128.33.78,10000,110,100
HB11000082,TPN2-ROUTER-3301,220.128.33.77,TPN2-ROUTER-3302,220.128.33.78,10000,10,10
223D-93368,TPDT-ROUTER-3012,220.128.0.92,TPN2-ROUTER-3302,220.128.33.78,10000,160,160
295D-96327,PCPD-ROUTER-3212,220.128.0.64,TPN2-ROUTER-3302,220.128.33.78,10000,110,100
223D-93018,TPDT-ROUTER-3012,220.128.0.92,TPN2-ROUTER-3302,220.128.33.78,10000,160,160
227D-96802,TPE4-ROUTER-3202,220.128.0.70,TPN2-ROUTER-3302,220.128.33.78,10000,60,60
223D-70439,TPDT-ROUTER-3012,220.128.0.92,TPN2-ROUTER-3302,220.128.33.78,10000,160,160
295D-96328,PCPD-ROUTER-3212,220.128.0.64,TPN2-ROUTER-3302,220.128.33.78,10000,110,100
227D-94827,TPE4-ROUTER-3202,220.128.0.70,TPN2-ROUTER-3302,220.128.33.78,10000,60,60
227D-96600,TPE4-ROUTER-3202,220.128.0.70,TPN2-ROUTER-3302,220.128.33.78,10000,60,60
295D-96326,PCPD-ROUTER-3212,220.128.0.64,TPN2-ROUTER-3302,220.128.33.78,10000,110,100
295D-96324,PCPD-ROUTER-3212,220.128.0.64,TPN2-ROUTER-3302,220.128.33.78,10000,110,100
223D-97469,TPDT-ROUTER-3012,220.128.0.92,TPN2-ROUTER-3302,220.128.33.78,10000,160,160
227D-96552,TPE4-ROUTER-3202,220.128.0.70,TPN2-ROUTER-3302,220.128.33.78,10000,60,60
HB10200593,TYFO-ROUTER-3015,220.128.0.45,TYFO-ROUTER-3306,220.128.33.54,10000,100,100
HB10200599,TYFO-ROUTER-3016,220.128.0.46,TYFO-ROUTER-3306,220.128.33.54,10000,100,100
HB10200569,TYFO-ROUTER-3015,220.128.0.45,TYFO-ROUTER-3306,220.128.33.54,10000,100,100
HB10200566,TYFO-ROUTER-3015,220.128.0.45,TYFO-ROUTER-3306,220.128.33.54,10000,100,100
HB10200595,TYFO-ROUTER-3015,220.128.0.45,TYFO-ROUTER-3306,220.128.33.54,10000,100,100
HB10200610,TYFO-ROUTER-3016,220.128.0.46,TYFO-ROUTER-3306,220.128.33.54,10000,100,100
HB10200577,TYFO-ROUTER-3016,220.128.0.46,TYFO-ROUTER-3306,220.128.33.54,10000,100,100
HB10200609,TYFO-ROUTER-3016,220.128.0.46,TYFO-ROUTER-3306,220.128.33.54,10000,100,100
HB10200594,TYFO-ROUTER-3015,220.128.0.45,TYFO-ROUTER-3306,220.128.33.54,10000,100,100
HB10200578,TYFO-ROUTER-3016,220.128.0.46,TYFO-ROUTER-3306,220.128.33.54,10000,100,100
HB10200565,TYFO-ROUTER-3015,220.128.0.45,TYFO-ROUTER-3306,220.128.33.54,10000,100,100
HB10200570,TYFO-ROUTER-3015,220.128.0.45,TYFO-ROUTER-3306,220.128.33.54,10000,100,100
HB10200579,TYFO-ROUTER-3305,220.128.33.53,TYFO-ROUTER-3306,220.128.33.54,10000,10,10
HB10200573,TYFO-ROUTER-3016,220.128.0.46,TYFO-ROUTER-3306,220.128.33.54,10000,100,100
HB10200623,TYFO-ROUTER-3016,220.128.0.46,TYFO-ROUTER-3306,220.128.33.54,100000,100,100
HB10200574,TYFO-ROUTER-3016,220.128.0.46,TYFO-ROUTER-3306,220.128.33.54,10000,100,100
HB10200592,TYFO-ROUTER-3015,220.128.0.45,TYFO-ROUTER-3305,220.128.33.53,10000,100,100
HB10200575,TYFO-ROUTER-3016,220.128.0.46,TYFO-ROUTER-3305,220.128.33.53,10000,100,100
HB10200564,TYFO-ROUTER-3015,220.128.0.45,TYFO-ROUTER-3305,220.128.33.53,10000,100,100
HB10200563,TYFO-ROUTER-3015,220.128.0.45,TYFO-ROUTER-3305,220.128.33.53,10000,100,100
HB10200622,TYFO-ROUTER-3015,220.128.0.45,TYFO-ROUTER-3305,220.128.33.53,100000,100,100
HB10200572,TYFO-ROUTER-3016,220.128.0.46,TYFO-ROUTER-3305,220.128.33.53,10000,100,100
HB10200567,TYFO-ROUTER-3015,220.128.0.45,TYFO-ROUTER-3305,220.128.33.53,10000,100,100
HB10200571,TYFO-ROUTER-3016,220.128.0.46,TYFO-ROUTER-3305,220.128.33.53,10000,100,100
HB10200596,TYFO-ROUTER-3016,220.128.0.46,TYFO-ROUTER-3305,220.128.33.53,10000,100,100
HB10200589,TYFO-ROUTER-3015,220.128.0.45,TYFO-ROUTER-3305,220.128.33.53,10000,100,100
HB10200598,TYFO-ROUTER-3016,220.128.0.46,TYFO-ROUTER-3305,220.128.33.53,10000,100,100
HB10200568,TYFO-ROUTER-3015,220.128.0.45,TYFO-ROUTER-3305,220.128.33.53,10000,100,100
HB10200588,TYFO-ROUTER-3015,220.128.0.45,TYFO-ROUTER-3305,220.128.33.53,10000,100,100
HB10200597,TYFO-ROUTER-3016,220.128.0.46,TYFO-ROUTER-3305,220.128.33.53,10000,100,100
HB10200576,TYFO-ROUTER-3016,220.128.0.46,TYFO-ROUTER-3305,220.128.33.53,10000,100,100
HB30100554,SKC1-ROUTER-3011,220.128.0.199,SKC1-ROUTER-4102,220.128.0.242,100000,NULL,100
HB30100571,SKC1-ROUTER-3012,220.128.0.200,SKC1-ROUTER-4102,220.128.0.242,100000,NULL,100
227D-96801,TPE4-ROUTER-3201,220.128.0.69,TPN2-ROUTER-3301,220.128.33.77,10000,60,60
295D-96320,PCPD-ROUTER-3211,220.128.0.63,TPN2-ROUTER-3301,220.128.33.77,10000,110,100
295D-96319,PCPD-ROUTER-3211,220.128.0.63,TPN2-ROUTER-3301,220.128.33.77,10000,110,100
295D-96321,PCPD-ROUTER-3211,220.128.0.63,TPN2-ROUTER-3301,220.128.33.77,10000,110,100
295D-96322,PCPD-ROUTER-3211,220.128.0.63,TPN2-ROUTER-3301,220.128.33.77,10000,110,100
223D-97470,TPDT-ROUTER-3011,220.128.0.91,TPN2-ROUTER-3301,220.128.33.77,10000,160,160
223D-99944,TPDT-ROUTER-3011,220.128.0.91,TPN2-ROUTER-3301,220.128.33.77,10000,160,160
223D-70438,TPDT-ROUTER-3011,220.128.0.91,TPN2-ROUTER-3301,220.128.33.77,10000,160,160
227D-96406,TPE4-ROUTER-3201,220.128.0.69,TPN2-ROUTER-3301,220.128.33.77,10000,60,60
227D-96599,TPE4-ROUTER-3201,220.128.0.69,TPN2-ROUTER-3301,220.128.33.77,10000,60,60
223D-93017,TPDT-ROUTER-3011,220.128.0.91,TPN2-ROUTER-3301,220.128.33.77,10000,160,160
227D-96444,TPE4-ROUTER-3201,220.128.0.69,TPN2-ROUTER-3301,220.128.33.77,10000,60,60
295D-96323,PCPD-ROUTER-3211,220.128.0.63,TPN2-ROUTER-3301,220.128.33.77,10000,110,100
223D-91294,TPDT-ROUTER-3011,220.128.0.91,TPN2-ROUTER-3301,220.128.33.77,10000,160,160
295D-96334,PCPD-ROUTER-3212,220.128.0.64,PCPC-ROUTER-3302,220.128.33.68,10000,320,160
HB10900235,PCPC-ROUTER-3201,220.128.0.67,PCPC-ROUTER-3302,220.128.33.68,10000,100,20
HB10900225,PCPC-ROUTER-3202,220.128.0.68,PCPC-ROUTER-3302,220.128.33.68,10000,100,20
HB10900271,PCPC-ROUTER-3202,220.128.0.68,PCPC-ROUTER-3302,220.128.33.68,10000,100,20
HB10900174,PCPC-ROUTER-3202,220.128.0.68,PCPC-ROUTER-3302,220.128.33.68,10000,100,20
HB10900269,PCPC-ROUTER-3201,220.128.0.67,PCPC-ROUTER-3302,220.128.33.68,10000,100,20
HB10900261,PCPC-ROUTER-3201,220.128.0.67,PCPC-ROUTER-3302,220.128.33.68,10000,100,20
HB10900144,PCPC-ROUTER-3301,220.128.33.67,PCPC-ROUTER-3302,220.128.33.68,10000,100,100
295D-96333,PCPD-ROUTER-3212,220.128.0.64,PCPC-ROUTER-3302,220.128.33.68,10000,320,160
HB10900189,PCPC-ROUTER-3201,220.128.0.67,PCPC-ROUTER-3302,220.128.33.68,10000,100,20
HB10900143,PCPC-ROUTER-3202,220.128.0.68,PCPC-ROUTER-3302,220.128.33.68,10000,100,20
HB10900223,PCPC-ROUTER-3201,220.128.0.67,PCPC-ROUTER-3302,220.128.33.68,10000,100,20
HB10900263,PCPC-ROUTER-3202,220.128.0.68,PCPC-ROUTER-3302,220.128.33.68,10000,100,20
HB10900237,PCPC-ROUTER-3202,220.128.0.68,PCPC-ROUTER-3302,220.128.33.68,10000,100,20
HB10900163,PCPC-ROUTER-3201,220.128.0.67,PCPC-ROUTER-3302,220.128.33.68,10000,100,20
HB10400481,TPE4-ROUTER-3202,220.128.0.70,TPE4-ROUTER-3301,220.128.33.69,100000,100,100
HB10400479,TPE4-ROUTER-3201,220.128.0.69,TPE4-ROUTER-3301,220.128.33.69,100000,100,100
72E-95721,SKC1-ROUTER-3011,220.128.0.199,KMKC-ROUTER-3301,220.128.0.247,1000,1000,1000
72E-96255,SKC1-ROUTER-3011,220.128.0.199,KMKC-ROUTER-3301,220.128.0.247,10000,160,160
223E-93390,TPDB-ROUTER-3317,220.128.33.21,KMKC-ROUTER-3301,220.128.0.247,45,NULL,1000
72D-90528,SKC1-ROUTER-3021,220.128.0.211,FSE1-ROUTER-3301,220.128.33.231,10000,150,150
72D-97628,SKC1-ROUTER-3021,220.128.0.211,FSE1-ROUTER-3301,220.128.33.231,10000,150,150
6E-90493,TNE1-ROUTER-3011,220.128.0.231,FSE1-ROUTER-3301,220.128.33.231,10000,160,160
6E-90386,TNE1-ROUTER-3011,220.128.0.231,FSE1-ROUTER-3301,220.128.33.231,10000,160,160
G20013,TPDT-ROUTER-3012,220.128.0.92,SCZS-ROUTER-3202,220.128.0.48,40000,160,160
33E-91040,TYFO-ROUTER-3016,220.128.0.46,SCZS-ROUTER-3202,220.128.0.48,10000,110,100
33E-90777,TYFO-ROUTER-3016,220.128.0.46,SCZS-ROUTER-3202,220.128.0.48,10000,110,100
33E-90731,TYFO-ROUTER-3016,220.128.0.46,SCZS-ROUTER-3202,220.128.0.48,10000,110,100
G20035,TPDT-ROUTER-3012,220.128.0.92,SCZS-ROUTER-3202,220.128.0.48,40000,160,160
33E-90394,TYFO-ROUTER-3016,220.128.0.46,SCZS-ROUTER-3202,220.128.0.48,10000,110,100
33E-90511B,TYFO-ROUTER-3016,220.128.0.46,SCZS-ROUTER-3202,220.128.0.48,10000,110,100
33E-90752,TYFO-ROUTER-3016,220.128.0.46,SCZS-ROUTER-3202,220.128.0.48,10000,110,100
33E-90607B,TYFO-ROUTER-3016,220.128.0.46,SCZS-ROUTER-3202,220.128.0.48,10000,110,100
HB10800230,SCZS-ROUTER-3201,220.128.0.47,SCZS-ROUTER-3202,220.128.0.48,10000,100,100
223D-90844B,TPDT-ROUTER-3012,220.128.0.92,TPE4-ROUTER-3202,220.128.0.70,10000,160,160
G20039,TCHN-ROUTER-3012,220.128.0.140,TPE4-ROUTER-3202,220.128.0.70,40000,200,240
223D-92310,TPDT-ROUTER-3012,220.128.0.92,TPE4-ROUTER-3202,220.128.0.70,10000,160,160
223D-97084,TPDT-ROUTER-3012,220.128.0.92,TPE4-ROUTER-3202,220.128.0.70,10000,160,160
HB10400226,TPE4-ROUTER-3201,220.128.0.69,TPE4-ROUTER-3202,220.128.0.70,10000,100,100
HB10200550,TYFO-ROUTER-3016,220.128.0.46,TPE4-ROUTER-3202,220.128.0.70,40000,100,110
223D-91703,TPDT-ROUTER-3012,220.128.0.92,TPE4-ROUTER-3202,220.128.0.70,10000,160,160
G20017,TYFO-ROUTER-3016,220.128.0.46,TPE4-ROUTER-3202,220.128.0.70,40000,100,110
295D-96338,PCPD-ROUTER-3212,220.128.0.64,TPE4-ROUTER-3202,220.128.0.70,10000,160,160
G20041,SKC1-ROUTER-3012,220.128.0.200,TPE4-ROUTER-3202,220.128.0.70,40000,240,240
223D-70655,TPDT-ROUTER-3012,220.128.0.92,TPE4-ROUTER-3202,220.128.0.70,10000,160,160
223D-93016,TPDT-ROUTER-3012,220.128.0.92,TPE4-ROUTER-3202,220.128.0.70,10000,160,160
223D-99523,TPDT-ROUTER-3012,220.128.0.92,TPE4-ROUTER-3202,220.128.0.70,10000,160,160
295D-96337,PCPD-ROUTER-3212,220.128.0.64,TPE4-ROUTER-3202,220.128.0.70,10000,160,160
223D-99521,TPDT-ROUTER-3011,220.128.0.91,TPE4-ROUTER-3201,220.128.0.69,10000,160,160
G20038,TCHN-ROUTER-3011,220.128.0.139,TPE4-ROUTER-3201,220.128.0.69,40000,200,240
223D-91610,TPDT-ROUTER-3011,220.128.0.91,TPE4-ROUTER-3201,220.128.0.69,10000,160,160
223D-92157,TPDT-ROUTER-3011,220.128.0.91,TPE4-ROUTER-3201,220.128.0.69,10000,160,160
G20040,SKC1-ROUTER-3011,220.128.0.199,TPE4-ROUTER-3201,220.128.0.69,40000,240,240
223D-90844,TPDT-ROUTER-3011,220.128.0.91,TPE4-ROUTER-3201,220.128.0.69,10000,160,160
223D-70654,TPDT-ROUTER-3011,220.128.0.91,TPE4-ROUTER-3201,220.128.0.69,10000,160,160
223D-97473,TPDT-ROUTER-3011,220.128.0.91,TPE4-ROUTER-3201,220.128.0.69,10000,160,160
295D-96336,PCPD-ROUTER-3211,220.128.0.63,TPE4-ROUTER-3201,220.128.0.69,10000,160,160
223D-93015,TPDT-ROUTER-3011,220.128.0.91,TPE4-ROUTER-3201,220.128.0.69,10000,160,160
295D-96335,PCPD-ROUTER-3211,220.128.0.63,TPE4-ROUTER-3201,220.128.0.69,10000,160,160
G20016,TYFO-ROUTER-3015,220.128.0.45,TPE4-ROUTER-3201,220.128.0.69,40000,100,110
33E-91039,TYFO-ROUTER-3015,220.128.0.45,SCZS-ROUTER-3201,220.128.0.47,10000,110,100
33E-90607,TYFO-ROUTER-3015,220.128.0.45,SCZS-ROUTER-3201,220.128.0.47,10000,110,100
33E-90730,TYFO-ROUTER-3015,220.128.0.45,SCZS-ROUTER-3201,220.128.0.47,10000,110,100
33E-90511,TYFO-ROUTER-3015,220.128.0.45,SCZS-ROUTER-3201,220.128.0.47,10000,110,100
33E-90751,TYFO-ROUTER-3015,220.128.0.45,SCZS-ROUTER-3201,220.128.0.47,10000,110,100
G20034,TPDT-ROUTER-3011,220.128.0.91,SCZS-ROUTER-3201,220.128.0.47,40000,160,160
G20010,TPDT-ROUTER-3011,220.128.0.91,SCZS-ROUTER-3201,220.128.0.47,40000,160,160
33E-90776,TYFO-ROUTER-3015,220.128.0.45,SCZS-ROUTER-3201,220.128.0.47,10000,110,100
33E-90477,TYFO-ROUTER-3015,220.128.0.45,SCZS-ROUTER-3201,220.128.0.47,10000,110,100
HB10200424,TYFO-ROUTER-3015,220.128.0.45,TYFO-ROUTER-4032,220.128.0.52,10000,100,100
HB10200430,TYFO-ROUTER-3016,220.128.0.46,TYFO-ROUTER-4032,220.128.0.52,10000,100,100
HB10200426,TYFO-ROUTER-3015,220.128.0.45,TYFO-ROUTER-4032,220.128.0.52,10000,100,100
HB10200432,TYFO-ROUTER-3016,220.128.0.46,TYFO-ROUTER-4032,220.128.0.52,10000,100,100
HB10200431,TYFO-ROUTER-3016,220.128.0.46,TYFO-ROUTER-4032,220.128.0.52,10000,100,100
HB10200429,TYFO-ROUTER-3016,220.128.0.46,TYFO-ROUTER-4032,220.128.0.52,10000,100,100
HB10200428,TYFO-ROUTER-3015,220.128.0.45,TYFO-ROUTER-4032,220.128.0.52,10000,100,100
HB10200427,TYFO-ROUTER-3015,220.128.0.45,TYFO-ROUTER-4032,220.128.0.52,10000,100,100
HB10200492,TYFO-ROUTER-3016,220.128.0.46,TYFO-ROUTER-4031,220.128.0.51,10000,100,100
HB10200491,TYFO-ROUTER-3015,220.128.0.45,TYFO-ROUTER-4031,220.128.0.51,10000,100,100
HB10200494,TYFO-ROUTER-3016,220.128.0.46,TYFO-ROUTER-4031,220.128.0.51,10000,100,100
HB10200490,TYFO-ROUTER-3015,220.128.0.45,TYFO-ROUTER-4031,220.128.0.51,10000,100,100
HB10200493,TYFO-ROUTER-3016,220.128.0.46,TYFO-ROUTER-4031,220.128.0.51,10000,100,100
HB10200291,TYFO-ROUTER-3016,220.128.0.46,TYFO-ROUTER-4031,220.128.0.51,10000,100,100
HB10200261,TYFO-ROUTER-3015,220.128.0.45,TYFO-ROUTER-4031,220.128.0.51,10000,100,100
HB10200489,TYFO-ROUTER-3015,220.128.0.45,TYFO-ROUTER-4031,220.128.0.51,10000,100,100
47E-90549,CHCH-ROUTER-3011,220.128.0.179,TNE1-ROUTER-3011,220.128.0.231,10000,140,140
223E-93518,TPDT-ROUTER-4102,220.128.0.6,TNE1-ROUTER-3011,220.128.0.231,10000,240,240
72E-95360,SKC1-ROUTER-3011,220.128.0.199,TNE1-ROUTER-3011,220.128.0.231,10000,130,130
G20055,TYFO-ROUTER-3015,220.128.0.45,TNE1-ROUTER-3011,220.128.0.231,100000,190,140
47E-90580,CHCH-ROUTER-3011,220.128.0.179,TNE1-ROUTER-3011,220.128.0.231,10000,140,140
42E-92369,TCHN-ROUTER-3011,220.128.0.139,TNE1-ROUTER-3011,220.128.0.231,10000,140,150
G20052,TPDB-ROUTER-3021,220.128.0.93,TNE1-ROUTER-3011,220.128.0.231,100000,130,130
223E-93599,TPDT-ROUTER-4101,220.128.0.5,TNE1-ROUTER-3011,220.128.0.231,10000,220,220
72E-96171,SKC1-ROUTER-3011,220.128.0.199,TNE1-ROUTER-3011,220.128.0.231,10000,130,130
295E-90068,PCPD-ROUTER-3211,220.128.0.63,TNE1-ROUTER-3011,220.128.0.231,100000,140,140
42E-92374,TCHN-ROUTER-3011,220.128.0.139,TNE1-ROUTER-3011,220.128.0.231,10000,140,150
G20051,TPDT-ROUTER-3022,220.128.0.94,TNE1-ROUTER-3012,220.128.0.232,100000,130,130
223E-93517,TPDT-ROUTER-4101,220.128.0.5,TNE1-ROUTER-3012,220.128.0.232,10000,220,220
HB31200015,TNE1-ROUTER-3011,220.128.0.231,TNE1-ROUTER-3012,220.128.0.232,10000,10,10
223E-93600,TPDT-ROUTER-4102,220.128.0.6,TNE1-ROUTER-3012,220.128.0.232,10000,240,240
G20056,TYFO-ROUTER-3016,220.128.0.46,TNE1-ROUTER-3012,220.128.0.232,100000,190,140
42E-92370,TCHN-ROUTER-3012,220.128.0.140,TNE1-ROUTER-3012,220.128.0.232,10000,140,150
295E-90064,PCPD-ROUTER-3212,220.128.0.64,TNE1-ROUTER-3012,220.128.0.232,100000,140,140
42E-92375,TCHN-ROUTER-3012,220.128.0.140,TNE1-ROUTER-3012,220.128.0.232,10000,140,150
72E-96347,SKC1-ROUTER-3012,220.128.0.200,TNE1-ROUTER-3012,220.128.0.232,10000,130,130
72E-96171B,SKC1-ROUTER-3012,220.128.0.200,TNE1-ROUTER-3012,220.128.0.232,10000,130,130
47E-90550,CHCH-ROUTER-3012,220.128.0.180,TNE1-ROUTER-3012,220.128.0.232,10000,140,140
223E-93597,TPDT-ROUTER-4102,220.128.0.6,CHCH-ROUTER-3012,220.128.0.180,10000,240,240
223E-93515,TPDT-ROUTER-4101,220.128.0.5,CHCH-ROUTER-3012,220.128.0.180,10000,240,240
G20024,TYFO-ROUTER-3016,220.128.0.46,CHCH-ROUTER-3012,220.128.0.180,40000,190,140
G20004,TPDT-ROUTER-3012,220.128.0.92,CHCH-ROUTER-3012,220.128.0.180,40000,140,140
G20019,TPDT-ROUTER-3012,220.128.0.92,CHCH-ROUTER-3012,220.128.0.180,40000,140,140
42E-92235,TCHN-ROUTER-3012,220.128.0.140,CHCH-ROUTER-3012,220.128.0.180,10000,130,130
G20021,TPDT-ROUTER-3012,220.128.0.92,CHCH-ROUTER-3012,220.128.0.180,40000,140,140
HB20300152,CHCH-ROUTER-3011,220.128.0.179,CHCH-ROUTER-3012,220.128.0.180,10000,10,10
G20022,TYFO-ROUTER-3015,220.128.0.45,TCHN-ROUTER-3011,220.128.0.139,40000,190,140
223E-93514,TPDT-ROUTER-4101,220.128.0.5,TCHN-ROUTER-3011,220.128.0.139,10000,240,240
223E-93595,TPDT-ROUTER-4102,220.128.0.6,TCHN-ROUTER-3011,220.128.0.139,10000,240,240
G20001,TPDT-ROUTER-3011,220.128.0.91,TCHN-ROUTER-3011,220.128.0.139,40000,140,140
G20007,TPDT-ROUTER-3011,220.128.0.91,TCHN-ROUTER-3011,220.128.0.139,40000,140,140
G20026,TPDT-ROUTER-3011,220.128.0.91,TCHN-ROUTER-3011,220.128.0.139,40000,140,140
G20006,TPDT-ROUTER-3011,220.128.0.91,TCHN-ROUTER-3011,220.128.0.139,40000,140,140
295E-90063,PCPD-ROUTER-3211,220.128.0.63,TCHN-ROUTER-3011,220.128.0.139,100000,160,160
G20036,TYFO-ROUTER-3015,220.128.0.45,TCHN-ROUTER-3011,220.128.0.139,40000,190,140
G20018,TPDT-ROUTER-3011,220.128.0.91,CHCH-ROUTER-3011,220.128.0.179,40000,140,140
G20025,TYFO-ROUTER-3015,220.128.0.45,CHCH-ROUTER-3011,220.128.0.179,40000,190,140
42E-92365,TCHN-ROUTER-3011,220.128.0.139,CHCH-ROUTER-3011,220.128.0.179,10000,130,130
G20003,TPDT-ROUTER-3011,220.128.0.91,CHCH-ROUTER-3011,220.128.0.179,40000,140,140
223E-93596,TPDT-ROUTER-4101,220.128.0.5,CHCH-ROUTER-3011,220.128.0.179,10000,240,240
G20020,TPDT-ROUTER-3011,220.128.0.91,CHCH-ROUTER-3011,220.128.0.179,40000,140,140
223E-93522,TPDT-ROUTER-4102,220.128.0.6,CHCH-ROUTER-3011,220.128.0.179,10000,240,240
223E-93516,TPDT-ROUTER-4102,220.128.0.6,TCHN-ROUTER-3012,220.128.0.140,10000,240,240
G20037,TYFO-ROUTER-3016,220.128.0.46,TCHN-ROUTER-3012,220.128.0.140,40000,190,140
G20008,TPDT-ROUTER-3012,220.128.0.92,TCHN-ROUTER-3012,220.128.0.140,40000,140,140
223E-93594,TPDT-ROUTER-4101,220.128.0.5,TCHN-ROUTER-3012,220.128.0.140,10000,240,240
G20002,TPDT-ROUTER-3012,220.128.0.92,TCHN-ROUTER-3012,220.128.0.140,40000,140,140
G20023,TYFO-ROUTER-3016,220.128.0.46,TCHN-ROUTER-3012,220.128.0.140,40000,190,140
G20027,TPDT-ROUTER-3012,220.128.0.92,TCHN-ROUTER-3012,220.128.0.140,40000,140,140
295E-90059,PCPD-ROUTER-3212,220.128.0.64,TCHN-ROUTER-3012,220.128.0.140,100000,160,160
HB20100319,TCHN-ROUTER-3011,220.128.0.139,TCHN-ROUTER-3012,220.128.0.140,10000,10,10
G20009,TPDT-ROUTER-3012,220.128.0.92,TCHN-ROUTER-3012,220.128.0.140,40000,140,140
6E-90383,TNE1-ROUTER-3011,220.128.0.231,PHMK-ROUTER-3201,220.128.0.235,1000,1000,1000
223E-93441,TPDT-ROUTER-3011,220.128.0.91,PHMK-ROUTER-3201,220.128.0.235,1000,1000,1000
72E-95653,SKC1-ROUTER-3011,220.128.0.199,PHMK-ROUTER-3201,220.128.0.235,1000,290,290
223E-93449,TPDT-ROUTER-3011,220.128.0.91,PHMK-ROUTER-3201,220.128.0.235,10000,280,230
72E-95667,SKC1-ROUTER-3012,220.128.0.200,PHMK-ROUTER-3202,220.128.0.236,1000,290,290
72E-96313,SKC1-ROUTER-3012,220.128.0.200,PHMK-ROUTER-3202,220.128.0.236,10000,160,160
HB30700033,PHMK-ROUTER-3201,220.128.0.235,PHMK-ROUTER-3202,220.128.0.236,8000,10,10
6E-90403,TNE1-ROUTER-3012,220.128.0.232,PHMK-ROUTER-3202,220.128.0.236,1000,1000,1000
HB30700034,PHMK-ROUTER-3201,220.128.0.235,PHMK-ROUTER-3203,220.128.0.237,1000,1000,1000
HB30700035,PHMK-ROUTER-3202,220.128.0.236,PHMK-ROUTER-3203,220.128.0.237,1000,1000,100
G20049,TPDB-ROUTER-3021,220.128.0.93,SKC1-ROUTER-3011,220.128.0.199,100000,130,130
47E-90547,CHCH-ROUTER-3011,220.128.0.179,SKC1-ROUTER-3011,220.128.0.199,10000,140,140
HB30100598,SKC1-ROUTER-3021,220.128.0.211,SKC1-ROUTER-3011,220.128.0.199,100000,10,10
47E-90484,CHCH-ROUTER-3011,220.128.0.179,SKC1-ROUTER-3011,220.128.0.199,10000,140,140
223E-93601,TPDT-ROUTER-4102,220.128.0.6,SKC1-ROUTER-3011,220.128.0.199,10000,240,240
G20053,TYFO-ROUTER-3015,220.128.0.45,SKC1-ROUTER-3011,220.128.0.199,100000,190,190
223E-93519,TPDT-ROUTER-4101,220.128.0.5,SKC1-ROUTER-3011,220.128.0.199,10000,220,220
HB30100663,SKC1-ROUTER-3021,220.128.0.211,SKC1-ROUTER-3011,220.128.0.199,100000,10,10
47E-90485,CHCH-ROUTER-3011,220.128.0.179,SKC1-ROUTER-3011,220.128.0.199,10000,140,140
HB30100599,SKC1-ROUTER-3021,220.128.0.211,SKC1-ROUTER-3011,220.128.0.199,100000,10,10
G20032,TCHN-ROUTER-3011,220.128.0.139,SKC1-ROUTER-3011,220.128.0.199,40000,140,140
47E-90500,CHCH-ROUTER-3011,220.128.0.179,SKC1-ROUTER-3011,220.128.0.199,10000,140,140
HB30114101,SKC1-ROUTER-3011,220.128.0.199,SKC1-ROUTER-3012,220.128.0.200,10000,10,10
223E-93598,TPDT-ROUTER-4101,220.128.0.5,SKC1-ROUTER-3012,220.128.0.200,10000,220,220
47E-90484B,CHCH-ROUTER-3012,220.128.0.180,SKC1-ROUTER-3012,220.128.0.200,10000,140,140
223E-93520,TPDT-ROUTER-4102,220.128.0.6,SKC1-ROUTER-3012,220.128.0.200,10000,240,240
47E-90548,CHCH-ROUTER-3012,220.128.0.180,SKC1-ROUTER-3012,220.128.0.200,10000,140,140
47E-90485B,CHCH-ROUTER-3012,220.128.0.180,SKC1-ROUTER-3012,220.128.0.200,10000,140,140
G20033,TCHN-ROUTER-3012,220.128.0.140,SKC1-ROUTER-3012,220.128.0.200,40000,140,140
HB30100602,SKC1-ROUTER-3022,220.128.0.212,SKC1-ROUTER-3012,220.128.0.200,100000,10,10
HB30100539,SKC1-ROUTER-3011,220.128.0.199,SKC1-ROUTER-3012,220.128.0.200,10000,10,10
HB30100600,SKC1-ROUTER-3022,220.128.0.212,SKC1-ROUTER-3012,220.128.0.200,100000,10,10
47E-90501,CHCH-ROUTER-3012,220.128.0.180,SKC1-ROUTER-3012,220.128.0.200,10000,140,140
HB30100664,SKC1-ROUTER-3022,220.128.0.212,SKC1-ROUTER-3012,220.128.0.200,100000,10,10
G20050,TPDT-ROUTER-3022,220.128.0.94,SKC1-ROUTER-3012,220.128.0.200,100000,130,130
G20054,TYFO-ROUTER-3016,220.128.0.46,SKC1-ROUTER-3012,220.128.0.200,100000,190,190
HB10101758,TPDT-ROUTER-3022,220.128.0.94,TPDT-ROUTER-3012,220.128.0.92,100000,10,10
HB10100636,TPDT-ROUTER-3011,220.128.0.91,TPDT-ROUTER-3012,220.128.0.92,10000,10,10
HB10100712,TPDT-ROUTER-3011,220.128.0.91,TPDT-ROUTER-3012,220.128.0.92,1000,100,100
HB10102695,TPDT-ROUTER-3022,220.128.0.94,TPDT-ROUTER-3012,220.128.0.92,100000,10,10
HB10102693,TPDT-ROUTER-3022,220.128.0.94,TPDT-ROUTER-3012,220.128.0.92,100000,10,10
HB10102817,TPDT-ROUTER-3022,220.128.0.94,TPDT-ROUTER-3012,220.128.0.92,100000,10,10
HB10102696,TPDB-ROUTER-3021,220.128.0.93,TPDT-ROUTER-3011,220.128.0.91,100000,10,10
HB10102710,TPDB-ROUTER-3021,220.128.0.93,TPDT-ROUTER-3011,220.128.0.91,100000,10,10
HB10101757,TPDB-ROUTER-3021,220.128.0.93,TPDT-ROUTER-3011,220.128.0.91,100000,10,10
HB10102697,TPDB-ROUTER-3021,220.128.0.93,TPDT-ROUTER-3011,220.128.0.91,100000,10,10
HB10102584,TPDB-ROUTER-3021,220.128.0.93,TPDT-ROUTER-3022,220.128.0.94,100000,10,10
HB30100597,SKC1-ROUTER-3021,220.128.0.211,SKC1-ROUTER-3022,220.128.0.212,100000,10,10
223E-93685,TPDB-ROUTER-3021,220.128.0.93,SKC1-ROUTER-3021,220.128.0.211,100000,140,140
223E-93631,TPDT-ROUTER-3012,220.128.0.92,HLCA-ROUTER-3302,220.128.33.130,10000,160,NULL
HB10102683,TPDT-ROUTER-3012,220.128.0.92,TPDB-ROUTER-4202,220.128.0.22,10000,100,NULL
HB10100650,TPDT-ROUTER-3011,220.128.0.91,TPDT-ROUTER-3012,220.128.0.92,1000,100,NULL
223D-71477,TPDT-ROUTER-3022,220.128.0.94,PCPD-ROUTER-3212,220.128.0.64,100000,NULL,NULL
